"SiteID","templateName","displayName","ParentBodyID","ParentBodyName","SolarMultiplier","Latitude","Longitude","WaterPerDay","VolatilesPerDay","MetalsPerDay","NoblesPerDay","FissilesPerDay","HasHab","HabID","HabType","HabSchematicTemplateName","IsShipyard","HabLevel","MCCost","FactionID","FactionName","MiningLevel","pendingHab"
"4109","MercurySite1","Tolkien Crater","3","Mercury","7.33472","88.82","149.92","0.0","0.3727417","3.007655","0.5356106","0.1994681","True","61564","Base",,"False","1","2","4089","the Resistance","1","True"
"4110","MercurySite2","Suisei Planitia","3","Mercury","7.33472","60.88","212.19","0.0","0.2476949","4.611247","0.4433587","0.5589619","True","61448","Base",,"False","1","2","4089","the Resistance","1","True"
"4111","MercurySite3","Tung Yuan Crater","3","Mercury","7.33472","75.02","297.17","0.07474273","0.1815366","3.323441","0.8435747","0.0","True","61592","Base",,"False","1","2","4089","the Resistance","1","True"
"4112","MercurySite4","Prokofiev Crater","3","Mercury","7.33472","85.77","62.92","0.07373468","0.3296759","3.705152","0.5134699","0.02431032","True","61536","Base",,"False","2","3","4089","the Resistance","2","True"
"4113","MercurySite5","Adventure Rupes","3","Mercury","7.33472","-65.48","294.7","0.0","0.3270655","3.542339","0.3381277","0.0","True","85202","Base","InfluenceHabSchematic","False","2","3","4093","the Protectorate","2","True"
"4114","MercurySite6","Boccaccio Crater","3","Mercury","7.33472","-80.99","89.85","0.02478318","0.3509094","3.08172","0.7349757","0.0","True","61620","Base",,"False","1","2","4089","the Resistance","1","True"
"4115","MercurySite7","Alver Crater","3","Mercury","7.33472","-66.97","77.25","0.0","0.7857039","3.692352","0.426327","0.0","True","76746","Base","ResearchHabSchematic","False","1","2","4090","Humanity First","1","True"
"4116","MercurySite8","Chao Meng-Fu Crater","3","Mercury","7.33472","-88.42","-156.36","0.0","0.2450991","6.001746","1.381891","0.0","True","61413","Base",,"False","1","2","4089","the Resistance","1","True"
"4133","LunaSite1","Mare Imbrium","6","Luna","0.996289","32.8","-15.6","0.0","0.0","0.2686311","0.0","0.0","True","39778","Base","OperationsHabSchematic","False","2","3","4094","the Academy","2","True"
"4134","LunaSite2","Peary Crater","6","Luna","0.996289","88.63","24.4","0.3058668","0.0","0.5295879","0.0","0.008684414","True","9082","Base","ResearchHabSchematic","False","2","3","4091","the Initiative","2","True"
"4135","LunaSite3","D'Alembert Crater","6","Luna","0.996289","50.8","163.9","0.0","0.009129549","0.4854115","0.0","0.01875321","False",,,,"False",,,,,"0","True"
"4136","LunaSite4","Copernicus Crater","6","Luna","0.996289","9.62","-20.08","0.0","0.03447655","0.8701304","0.0","0.007209925","True","10824","Base","ShipbuildingHabSchematic","True","3","4","4093","the Protectorate","3","True"
"4137","LunaSite5","Mare Tranquillitatis","6","Luna","0.996289","8.5","31.4","0.0","0.07159697","2.059604","0.0","0.0","True","59811","Base",,"False","1","2","4089","the Resistance","1","True"
"4138","LunaSite6","Korolev Crater","6","Luna","0.996289","-4.0","-157.4","0.0","0.07571426","0.3141099","0.0","0.6444925","True","9682","Base","ResearchHabSchematic","False","3","4","4092","the Servants","3","True"
"4139","LunaSite7","Tycho Crater","6","Luna","0.996289","-43.31","-11.36","0.0","0.07787105","1.36534","0.0","0.0","True","59839","Base",,"False","1","2","4089","the Resistance","1","True"
"4140","LunaSite8","Shackleton Crater","6","Luna","0.996289","-89.9","0.0","0.3005847","0.0","1.473682","0.0","0.01175381","True","61266","Base",,"False","2","3","4089","the Resistance","2","True"
"4141","LunaSite9","Tsiolkovskiy Crater","6","Luna","0.996289","-20.4","129.1","0.0","0.1616473","0.2825754","0.0","0.0","True","26849","Base","MissionControlHabSchematic","False","1","2","4095","Project Exodus","1","True"
"4149","MarsSite1","Arcadia Planitia","7","Mars","0.388321","47.2","184.3","3.156532","0.9185148","0.7311546","0.03245592","2.258045","True","11580","Base",,"False","2","3","4089","the Resistance","0","True"
"4150","MarsSite2","Tantalus Fossae","7","Mars","0.388321","50.9","-97.5","3.303164","1.079066","0.4164507","0.0","1.182096","True","96861","Base",,"False","2","3","4089","the Resistance","2","True"
"4151","MarsSite3","Tempe Terra","7","Mars","0.388321","40.0","-70.0","0.8900418","1.298551","2.08127","0.0","0.005414557","True","19981","Base",,"False","2","3","4089","the Resistance","2","True"
"4152","MarsSite4","Acidalia Planitia","7","Mars","0.388321","49.8","339.3","3.363628","1.287549","0.6445867","0.0","0.0117617","True","22066","Base","InfluenceHabSchematic","False","2","3","4093","the Protectorate","2","True"
"4153","MarsSite5","Utopia Planitia","7","Mars","0.388321","47.7","117.5","3.293417","1.412355","0.4280686","0.0","2.217003","True","12625","Base",,"False","2","3","4089","the Resistance","1","True"
"4154","MarsSite6","Olympus Mons","7","Mars","0.388321","18.65","226.2","0.1674673","1.834335","1.556177","0.5187258","0.0","True","20068","Base",,"False","2","3","4089","the Resistance","2","True"
"4155","MarsSite7","Ares Valles","7","Mars","0.388321","10.4","-25.8","0.3532226","0.8699686","2.347917","0.06395094","0.003119762","True","21719","Base","ResearchHabSchematic","False","3","4","4092","the Servants","3","True"
"4156","MarsSite8","Arabia Terra","7","Mars","0.388321","19.79","30.0","1.419817","1.354253","1.62549","0.0","0.0","True","23930","Base",,"False","2","3","4089","the Resistance","2","True"
"4157","MarsSite9","Isidis Planitia","7","Mars","0.388321","12.9","87.0","1.345213","1.282999","1.046916","0.0","0.02095291","True","24264","Base","ResearchHabSchematic","False","2","3","4093","the Protectorate","2","True"
"4158","MarsSite10","Elysium Planitia","7","Mars","0.388321","3.0","154.7","1.388925","1.289685","1.408759","0.0","0.0","True","25809","Base","ResearchHabSchematic","False","2","3","4092","the Servants","2","True"
"4159","MarsSite11","Tharsis Montes","7","Mars","0.388321","1.57","-112.58","0.5721149","1.75356","2.531056","0.9078103","0.0","True","11937","Base",,"False","2","3","4089","the Resistance","2","True"
"4160","MarsSite12","Noctis Labyrinthus","7","Mars","0.388321","-7.0","-102.2","0.6656638","0.2704311","3.387966","0.4127435","0.0","True","23193","Base","ResearchHabSchematic","False","2","3","4092","the Servants","2","True"
"4161","MarsSite13","Xanthe Terra","7","Mars","0.388321","3.0","312.0","1.251957","1.025807","0.747363","0.06145881","0.0","True","22100","Base","MoneyHabSchematic","False","3","4","4092","the Servants","3","True"
"4162","MarsSite14","Schiaparelli Crater","7","Mars","0.388321","-2.7","16.7","0.4303663","0.6240227","0.4832188","0.2416094","0.02148791","True","22509","Base","ResearchHabSchematic","False","2","3","4092","the Servants","2","True"
"4163","MarsSite15","Terra Sabaea","7","Mars","0.388321","2.0","42.0","1.32675","0.5919704","1.054357","0.2779195","0.02261148","True","23704","Base","ShipbuildingHabSchematic","True","2","3","4093","the Protectorate","2","True"
"4164","MarsSite16","Terra Sirenum","7","Mars","0.388321","-39.7","-150.0","1.185208","1.79013","6.111712","0.08185847","0.0","True","13514","Base",,"False","2","3","4089","the Resistance","2","True"
"4165","MarsSite17","Daedalia Planum","7","Mars","0.388321","-21.8","-128.0","1.223318","1.593555","2.824542","0.0","0.01747796","True","24346","Base","ResearchHabSchematic","False","2","3","4091","the Initiative","2","True"
"4166","MarsSite18","Valles Marineris","7","Mars","0.388321","-13.9","-59.2","1.392796","1.310201","0.2813567","0.09378558","0.0","True","25531","Base","InfluenceHabSchematic","False","2","3","4093","the Protectorate","2","True"
"4167","MarsSite19","Scylla Scopulus","7","Mars","0.388321","-20.1","19.0","1.271832","1.577136","1.011332","0.0","0.0","True","26139","Base","InfluenceHabSchematic","False","2","3","4093","the Protectorate","2","True"
"4168","MarsSite20","Tyrrhena Terra","7","Mars","0.388321","-14.8","90.0","1.331447","1.339906","0.3910356","0.1003401","0.0","True","24848","Base","InfluenceHabSchematic","False","2","3","4093","the Protectorate","2","True"
"4169","MarsSite21","Aonia Terra","7","Mars","0.388321","-60.0","-97.0","3.058295","1.297777","0.3904761","0.1369586","0.07143536","True","17690","Base","ShipbuildingHabSchematic","True","3","4","4093","the Protectorate","3","True"
"4170","MarsSite22","Argyre Planitia","7","Mars","0.388321","-49.7","316.0","3.131798","1.105106","1.334043","0.0","0.03203971","True","21960","Base","InfluenceHabSchematic","False","3","4","4093","the Protectorate","3","True"
"4171","MarsSite23","Noachis Terra","7","Mars","0.388321","-45.0","350.0","1.459134","1.808398","0.3414125","0.1707063","0.0","True","24974","Base","ResearchHabSchematic","False","2","3","4092","the Servants","2","True"
"4172","MarsSite24","Hellas Planitia","7","Mars","0.388321","-42.4","70.5","1.506713","1.455206","3.993235","0.0","0.2212974","True","96888","Base",,"False","2","3","4089","the Resistance","2","True"
"4173","MarsSite25","Promethei Terra","7","Mars","0.388321","-60.0","120.0","4.213953","1.901053","0.8613031","0.0237716","0.0","True","21249","Base","InfluenceHabSchematic","False","3","4","4092","the Servants","3","True"
"4175","PhobosSite1","Stickney Crater","8","Phobos","0.388338","2.0","133.0","1.913814","3.242555","0.0","0.0","0.0","True","10206","Base","ShipbuildingHabSchematic","True","2","3","4095","Project Exodus","2","True"
"4177","DeimosSite1","Voltaire Crater","9","Deimos","0.388311","22.0","176.5","0.7636432","1.003192","0.0","0.0","0.0","True","10472","Base","LEOHabSchematic","False","2","3","4094","the Academy","2","True"
"4184","MetisSite1","Cooper Nicalaus Crater","11","Metis","0.038247","13.0","-15.00343","2.230469","2.464941","0.0","0.0","0.0","False",,,,"False",,,,,"0","False"
"4186","AdrasteaSite1","Mudgett's Landing","12","Adrastea","0.038248","32.0","11.28268","2.902582","1.680108","0.0","0.0","0.0","False",,,,"False",,,,,"0","False"
"4188","AmaltheaSite1","Gaea Crater","13","Amalthea","0.038225","-80.0","90.0","1.804369","3.461194","0.0","0.0","0.0","False",,,,"False",,,,,"0","False"
"4190","ThebeSite1","Zethus Crater","14","Thebe","0.038259","10.0","5.0","2.282009","3.721814","0.0","0.0","0.0","False",,,,"False",,,,,"0","False"
"4194","IoSite1","Lei-Kung Fluctus","15","Io","0.038209","40.12","206.43","0.0","2.791167","4.927216","0.8196445","0.0","False",,,,"False",,,,,"0","False"
"4195","IoSite2","Chalybes Regio","15","Io","0.038209","56.88","95.33","0.0","2.825263","3.619341","0.0","0.02582678","False",,,,"False",,,,,"0","False"
"4196","IoSite3","Amaterasu Patera","15","Io","0.038209","38.21","-126.55","0.0","2.878933","3.418788","1.550875","0.0","False",,,,"False",,,,,"0","False"
"4197","IoSite4","Colchis Regio","15","Io","0.038209","2.47","-28.42","0.0","3.331962","3.168874","1.056291","0.03163242","False",,,,"False",,,,,"0","False"
"4198","IoSite5","Bosphorus Regio","15","Io","0.038209","-2.3","59.43","0.0","2.904393","3.303468","0.9163105","0.0","False",,,,"False",,,,,"0","False"
"4199","IoSite6","Media Regio","15","Io","0.038209","10.62","120.1","0.0","2.692041","3.348369","1.116123","0.01092065","False",,,,"False",,,,,"0","False"
"4200","IoSite7","Mycenae Regio","15","Io","0.038209","-36.6","15.05","0.0","3.510119","1.814101","0.6047004","0.004746956","False",,,,"False",,,,,"0","False"
"4201","IoSite8","Bactria Regio","15","Io","0.038209","-48.25","56.47","0.0","3.836991","4.167546","1.020677","0.0","False",,,,"False",,,,,"0","False"
"4202","IoSite9","Tarsus Regio","15","Io","0.038209","-36.69","126.6","0.0","3.618601","3.660094","0.6149629","0.0139925","False",,,,"False",,,,,"0","False"
"4206","EuropaSite1","Annwn Regio","16","Europa","0.038288","20.0","-140.0","5.892782","2.14809","0.0","0.0","0.0","False",,,,"False",,,,,"0","False"
"4207","EuropaSite2","Falga Regio","16","Europa","0.038288","30.0","-30.0","4.843308","1.819948","0.2854477","0.1427238","0.01806401","False",,,,"False",,,,,"0","False"
"4208","EuropaSite3","Rathmore Chaos","16","Europa","0.038288","25.4","105.0","4.861269","1.596241","0.3380402","0.1126801","0.0","False",,,,"False",,,,,"0","False"
"4209","EuropaSite4","Dyfed Regio","16","Europa","0.038288","10.0","-70.0","2.336887","0.7336228","0.7697776","0.3848888","0.0007217652","False",,,,"False",,,,,"0","False"
"4210","EuropaSite5","Powys Regio","16","Europa","0.038288","0.0","35.0","2.876048","1.88848","2.85187","0.3220861","0.3652091","False",,,,"False",,,,,"0","False"
"4211","EuropaSite6","Tara Regio","16","Europa","0.038288","-10.0","105.0","6.068702","3.19189","0.384629","0.1282097","0.003369432","False",,,,"False",,,,,"0","False"
"4212","EuropaSite7","Balgatan Regio","16","Europa","0.038288","-50.0","150.0","2.396021","1.590422","1.252626","0.4175421","0.03130381","False",,,,"False",,,,,"0","False"
"4213","EuropaSite8","Argadnel Regio","16","Europa","0.038288","-14.6","-28.5","4.719174","2.033036","0.3359648","0.1119883","0.1993238","False",,,,"False",,,,,"0","False"
"4214","EuropaSite9","Moytyra Regio","16","Europa","0.038288","-50.0","-114.3","6.952302","2.385155","1.806766","0.2379255","0.0","False",,,,"False",,,,,"0","False"
"4218","GanymedeSite1","Galileo Regio","17","Ganymede","0.038241","45.0","53.0","4.739697","1.995149","0.7179599","0.23932","0.0","False",,,,"False",,,,,"0","False"
"4219","GanymedeSite2","Xibalba Sulcus","17","Ganymede","0.038241","43.0","108.9","4.98305","1.99172","0.1783264","0.0","0.0","False",,,,"False",,,,,"0","False"
"4220","GanymedeSite3","Perrine Regio","17","Ganymede","0.038241","34.0","152.0","4.73428","0.5271675","1.178589","0.0","0.0","False",,,,"False",,,,,"0","False"
"4221","GanymedeSite4","Elam Sulci","17","Ganymede","0.038241","60.0","-20.0","4.200519","4.783082","1.120623","0.5603116","0.0","False",,,,"False",,,,,"0","False"
"4222","GanymedeSite5","Uruk Sulcus","17","Ganymede","0.038241","3.4","20.0","4.536832","1.235388","4.036789","0.8238873","0.0007405874","False",,,,"False",,,,,"0","False"
"4223","GanymedeSite6","Ta-urt Crater","17","Ganymede","0.038241","27.66","-124.2","2.885785","1.37648","1.424682","0.7123411","0.07864466","False",,,,"False",,,,,"0","False"
"4224","GanymedeSite7","Phrygia Sulcus","17","Ganymede","0.038241","12.0","159.4","5.559806","1.11431","0.4519972","0.0","0.0","False",,,,"False",,,,,"0","False"
"4225","GanymedeSite8","Marius Regio","17","Ganymede","0.038241","2.5","-7.7","5.11739","3.337411","0.9864798","0.0","0.0","False",,,,"False",,,,,"0","False"
"4226","GanymedeSite9","Sippar Sulcus","17","Ganymede","0.038241","-19.9","9.8","4.434915","1.604477","0.3739007","0.0","0.006806645","False",,,,"False",,,,,"0","False"
"4227","GanymedeSite10","Cisti Crater","17","Ganymede","0.038241","-31.6","115.77","4.578959","1.485687","1.342044","0.233144","0.0","False",,,,"False",,,,,"0","False"
"4228","GanymedeSite11","Barnard Regio","17","Ganymede","0.038241","-6.8","168.4","3.957808","1.728578","0.3610919","0.120364","0.0","False",,,,"False",,,,,"0","False"
"4229","GanymedeSite12","Melotte Regio","17","Ganymede","0.038241","-12.0","-65.0","4.379165","1.931083","2.134209","0.324463","0.5254061","False",,,,"False",,,,,"0","False"
"4230","GanymedeSite13","Osiris Crater","17","Ganymede","0.038241","-38.0","13.69","2.919874","1.30717","2.091892","0.6972973","0.4365971","False",,,,"False",,,,,"0","False"
"4231","GanymedeSite14","Humbaba Crater","17","Ganymede","0.038241","-55.15","112.69","4.272007","1.237393","1.033642","0.5168212","0.1009182","False",,,,"False",,,,,"0","False"
"4232","GanymedeSite15","Nicolson Regio","17","Ganymede","0.038241","-33.1","173.6","4.752832","1.486723","1.077124","0.2676853","0.2841458","True","97184","Base","ResearchHabSchematic","False","1","2","4092","the Servants","1","True"
"4233","GanymedeSite16","Apsu Sulci","17","Ganymede","0.038241","-37.5","-45.2","4.363954","0.7320963","0.3870835","0.0","0.04493228","False",,,,"False",,,,,"0","False"
"4237","CallistoSite1","Utgard","18","Callisto","0.038118","45.0","46.0","4.877141","1.65175","3.50887","0.0","0.0868873","False",,,,"False",,,,,"0","False"
"4238","CallistoSite2","Ymir Crater","18","Callisto","0.038118","79.0","80.3","6.117561","2.433323","0.08287916","0.04143958","0.005189493","False",,,,"False",,,,,"0","False"
"4239","CallistoSite3","Geirvimul Catena","18","Callisto","0.038118","48.9","-167.2","6.19381","2.390516","0.0690411","0.03452055","0.006412215","False",,,,"False",,,,,"0","False"
"4240","CallistoSite4","Gloi Crater","18","Callisto","0.038118","49.0","-65.0","6.185466","2.573164","0.4376178","0.0","0.01989656","False",,,,"False",,,,,"0","False"
"4241","CallistoSite5","Asgard","18","Callisto","0.038118","32.2","40.1","4.448503","1.87579","3.056231","1.332359","0.01352392","False",,,,"False",,,,,"0","False"
"4242","CallistoSite6","Valhalla","18","Callisto","0.038118","14.7","124.0","4.30144","1.71054","0.8015556","0.4007778","0.006481512","False",,,,"False",,,,,"0","False"
"4243","CallistoSite7","Kol Facula","18","Callisto","0.038118","4.5","-102.7","4.910022","1.820922","0.3091351","0.09934416","0.02476966","False",,,,"False",,,,,"0","False"
"4244","CallistoSite8","Vidarr Crater","18","Callisto","0.038118","12.1","-13.4","4.435636","1.468562","0.5511582","0.2755791","0.01621664","False",,,,"False",,,,,"0","False"
"4245","CallistoSite9","Ilma","18","Callisto","0.038118","-29.9","12.8","4.60105","1.565403","0.2967809","0.1483905","0.0","False",,,,"False",,,,,"0","False"
"4246","CallistoSite10","Thorir Crater","18","Callisto","0.038118","-31.9","113.3","4.522234","0.994507","0.3404558","0.1702279","0.2185619","False",,,,"False",,,,,"0","False"
"4247","CallistoSite11","Gunntro Catena","18","Callisto","0.038118","-19.5","-163.1","4.757957","2.304811","2.531985","0.7935134","0.126599","True","13870","Base",,"False","3","4","4096","the Aliens","3","True"
"4248","CallistoSite12","Bran Crater","18","Callisto","0.038118","-24.2","-25.6","4.663661","0.5379889","3.889413","0.5386338","0.1633066","False",,,,"False",,,,,"0","False"
"4249","CallistoSite13","Aegir Crater","18","Callisto","0.038118","-45.8","76.2","5.719167","2.521172","0.770051","0.1367223","0.0","False",,,,"False",,,,,"0","False"
"4250","CallistoSite14","Adlinda","18","Callisto","0.038118","-48.5","144.4","5.909221","2.761846","0.7263948","0.3234697","0.0","False",,,,"False",,,,,"0","False"
"4251","CallistoSite15","Lycaon Crater","18","Callisto","0.038118","-45.4","174.1","5.689135","2.144773","0.7895198","0.0","0.007479367","False",,,,"False",,,,,"0","False"
"4252","CallistoSite16","Lodurr Crater","18","Callisto","0.038118","-50.8","-90.1","5.634743","2.247292","0.284743","0.0","0.00555795","False",,,,"False",,,,,"0","False"
"4254","LedaSite1","Swan's Song Crater","19","Leda","0.038828","-32.0","-157.6167","1.703443","3.152044","0.2199334","0.0","0.0","False",,,,"False",,,,,"0","False"
"4257","HimaliaSite1","Blum Catena Facula","20","Himalia","0.038452","-46.0","-121.5154","0.8351219","1.643496","2.186515","0.5959445","0.0","False",,,,"False",,,,,"0","False"
"4259","LysitheaSite1","Jessie's Retreat","21","Lysithea","0.037335","19.0","78.61914","1.985766","4.869285","0.0","0.0","0.0","False",,,,"False",,,,,"0","False"
"4262","ElaraSite1","Ramscottle Chaos","22","Elara","0.03909","52.0","75.76765","2.258204","3.473777","0.341963","0.0","0.0","False",,,,"False",,,,,"0","False"
"4264","AnankeSite1","Enrico's Paradox","23","Ananke","0.037074","-46.0","161.6466","0.844263","1.510716","0.260905","0.0","0.06610075","False",,,,"False",,,,,"0","False"
"4267","CarmeSite1","Rupes Ramen Queen","24","Carme","0.036197","25.0","-137.4374","0.6577584","0.0","1.510782","0.0","0.0","False",,,,"False",,,,,"0","False"
"4270","PasiphaeSite1","Asterion Labyrinthus","25","Pasiphae","0.038619","-54.0","2.177338","1.667579","3.374058","0.0","0.0","0.0","False",,,,"False",,,,,"0","False"
"4272","SinopeSite1","Doctor Phishshoe Saxum","26","Sinope","0.041416","50.0","-113.6624","1.86211","3.125272","0.0","0.0","0.0","False",,,,"False",,,,,"0","False"
"4274","CallirrhoeSite1","Achelous Saxum","27","Callirrhoe","0.038914","45.0","175.3957","2.817394","2.90168","1.727769","0.575923","0.0","False",,,,"False",,,,,"0","False"
"4281","PanSite1","Terra Diana","29","Pan","0.012056","88.0","0.0","5.993723","0.09993901","0.0","0.0","0.0","False",,,,"False",,,,,"0","False"
"4283","AtlasSite1","Vallis Angelwood","30","Atlas","0.012054","-4.0","-53.91163","2.66337","0.4376269","0.0","0.0","0.0","False",,,,"False",,,,,"0","False"
"4285","PrometheusSite1","Aquila Saxum","31","Prometheus","0.012058","27.0","-143.5431","4.567903","0.6334321","0.0","0.0","0.0","False",,,,"False",,,,,"0","False"
"4287","PandoraSite1","Khuqa Crater","32","Pandora","0.012056","6.0","-179.6743","4.505975","0.363779","0.0","0.0","0.0","False",,,,"False",,,,,"0","False"
"4289","EpimetheusSite1","Pollux Crater","33","Epimetheus","0.012058","-5.0","-57.98775","3.348607","0.3969461","0.0","0.0","0.0","False",,,,"False",,,,,"0","False"
"4291","JanusSite1","Castor Crater","34","Janus","0.012057","-9.0","-4.402733","4.900749","0.0","0.0","0.0","0.0","False",,,,"False",,,,,"0","False"
"4293","MimasSite1","Herschel Crater","35","Mimas","0.012054","-1.38","68.24","5.880677","3.110172","0.4172615","0.1390872","0.0","False",,,,"False",,,,,"0","False"
"4295","EnceladusSite1","Sarandib Planitia","36","Enceladus","0.01206","10.23","-131.82","4.115455","4.079507","1.409","0.7045002","0.0","False",,,,"False",,,,,"0","False"
"4296","EnceladusSite2","Makra Sulci","36","Enceladus","0.01206","-54.4","135.8","4.225199","5.894054","0.3210403","0.1070134","0.0","True","12839","Base",,"False","3","4","4096","the Aliens","3","True"
"4299","TethysSite1","Odysseus Crater","37","Tethys","0.012052","32.82","51.11","5.951479","2.625014","0.605675","0.3028375","0.0","False",,,,"False",,,,,"0","False"
"4300","TethysSite2","Ithaca Chasma","37","Tethys","0.012052","-14.0","173.9","6.230812","2.948493","0.0","0.0","0.0","False",,,,"False",,,,,"0","False"
"4301","TethysSite3","Penelope Crater","37","Tethys","0.012052","10.83","-69.22","6.058105","1.585572","0.7342411","0.3671205","0.0","False",,,,"False",,,,,"0","False"
"4302","TethysSite4","Telemus Crater","37","Tethys","0.012052","-34.53","-176.89","5.683414","2.220506","0.422405","0.2112025","0.00544195","False",,,,"False",,,,,"0","False"
"4304","TelestoSite1","Hornet's Nest","38","Telesto","0.012058","-29.0","-165.4273","3.575174","0.6279782","0.0","0.0","0.0","False",,,,"False",,,,,"0","False"
"4306","CalypsoSite1","Vigier's Point","39","Calypso","0.012059","51.0","-11.87787","3.760525","0.259734","0.0","0.0","0.0","False",,,,"False",,,,,"0","False"
"4309","DioneSite1","Aeneas Crater","40","Dione","0.012062","25.89","133.73","6.011413","2.173202","0.7167088","0.05104731","0.003023043","False",,,,"False",,,,,"0","False"
"4310","DioneSite2","Eurotas Chasmata","40","Dione","0.012062","18.0","-90.0","5.907887","2.360651","0.0","0.0","0.00722505","False",,,,"False",,,,,"0","False"
"4311","DioneSite3","Pantagias Catenae","40","Dione","0.012062","-15.3","38.3","4.458749","2.594263","1.831434","0.504745","0.1275356","False",,,,"False",,,,,"0","False"
"4312","DioneSite4","Palatine Chasmata","40","Dione","0.012062","-48.0","-136.0","5.586863","2.065548","0.0","0.0","0.0","False",,,,"False",,,,,"0","False"
"4314","HeleneSite1","Reen's Redoubt","41","Helene","0.01206","-20.0","96.87537","3.764414","0.4659846","0.0","0.0","0.0","False",,,,"False",,,,,"0","False"
"4317","RheaSite1","Tirawa Basin","42","Rhea","0.012055","34.2","28.3","5.69714","3.174084","0.7351748","0.0943669","0.0","False",,,,"False",,,,,"0","False"
"4318","RheaSite2","Avaiki Chasmata","42","Rhea","0.012055","25.0","-99.0","5.684802","2.551446","0.1255821","0.0","0.0","False",,,,"False",,,,,"0","False"
"4319","RheaSite3","Inktomi Crater","42","Rhea","0.012055","-14.1","67.9","4.390037","2.480529","0.336721","0.1122403","0.0","False",,,,"False",,,,,"0","False"
"4320","RheaSite4","Izanagi Basin","42","Rhea","0.012055","-49.4","-130.2","5.995922","2.401824","0.1054164","0.0","0.0","False",,,,"False",,,,,"0","False"
"4324","TitanSite1","Kraken Mare","43","Titan","0.012046","68.0","-130.0","1.929236","3.61198","0.3037899","0.1518949","0.0","False",,,,"False",,,,,"0","False"
"4325","TitanSite2","Caladan Planitia","43","Titan","0.012046","31.0","-46.0","2.781694","2.502918","0.5448312","0.0","0.04490709","False",,,,"False",,,,,"0","False"
"4326","TitanSite3","Mackay Lacus","43","Titan","0.012046","78.32","82.47","1.922841","3.837803","0.6514806","0.0","0.0","False",,,,"False",,,,,"0","False"
"4327","TitanSite4","Poritrin Planitia","43","Titan","0.012046","48.0","156.0","1.902465","2.468048","0.4509036","0.0","0.05337528","False",,,,"False",,,,,"0","False"
"4328","TitanSite5","Aaru","43","Titan","0.012046","10.0","-160.0","1.768609","3.550856","0.8772395","0.0","0.03427315","False",,,,"False",,,,,"0","False"
"4329","TitanSite6","Belet","43","Titan","0.012046","-5.0","-75.0","1.956904","4.140468","0.7484744","0.2494915","0.0284001","False",,,,"False",,,,,"0","False"
"4330","TitanSite7","Dilmun","43","Titan","0.012046","15.0","5.0","2.089488","4.097735","0.4499725","0.006605625","0.03241892","False",,,,"False",,,,,"0","False"
"4331","TitanSite8","Quivira","43","Titan","0.012046","0.0","165.0","2.067452","3.969954","0.2891433","0.09638109","0.01001409","False",,,,"False",,,,,"0","False"
"4332","TitanSite9","Senkyo","43","Titan","0.012046","-5.0","-140.0","1.729152","3.873698","0.6358815","0.02242458","0.01252181","False",,,,"False",,,,,"0","False"
"4333","TitanSite10","Shangri-La","43","Titan","0.012046","-10.0","15.0","1.983342","4.193602","0.6484256","0.0","0.0","False",,,,"False",,,,,"0","False"
"4334","TitanSite11","Xanadu","43","Titan","0.012046","-15.0","80.0","1.9642","4.727503","2.288615","0.0","0.03683835","False",,,,"False",,,,,"0","False"
"4335","TitanSite12","Aztlan","43","Titan","0.012046","10.0","160.0","1.646506","4.174932","0.9252812","0.4626406","0.01108655","False",,,,"False",,,,,"0","False"
"4336","TitanSite13","Buzzell Planitia","43","Titan","0.012046","-66.3","-82.7","2.326855","3.881914","0.4111771","0.1644566","0.0","False",,,,"False",,,,,"0","False"
"4337","TitanSite14","Ching-Tu","43","Titan","0.012046","-30.0","-25.0","1.787916","4.10618","0.3074663","0.1537331","0.07316434","False",,,,"False",,,,,"0","False"
"4338","TitanSite15","Arrakis Planitia","43","Titan","0.012046","-78.4","63.0","1.655176","2.33409","0.7977869","0.0","0.06552157","False",,,,"False",,,,,"0","False"
"4339","TitanSite16","Tsegihi","43","Titan","0.012046","-40.0","170.0","2.249042","5.617439","0.6413191","0.0","0.0","False",,,,"False",,,,,"0","False"
"4342","HyperionSite1","Bahloo Crater","44","Hyperion","0.012073","36.0","-16.0","4.228822","1.897463","0.5734171","0.0","0.202803","False",,,,"False",,,,,"0","False"
"4345","IapetusSite1","Cassini Regio","45","Iapetus","0.012004","-28.1","87.4","4.011256","4.557661","2.121998","0.0","0.04141894","True","10238","Base",,"False","3","4","4096","the Aliens","3","True"
"4346","IapetusSite2","Roncevaux Terra","45","Iapetus","0.012004","37.0","-59.5","6.087684","2.542203","0.2380784","0.07935948","0.0","False",,,,"False",,,,,"0","False"
"4347","IapetusSite3","Malprimis Basin","45","Iapetus","0.012004","-15.2","61.8","2.811631","4.000419","0.6048777","0.2016259","0.0","False",,,,"False",,,,,"0","False"
"4348","IapetusSite4","Engelier Basin","45","Iapetus","0.012004","-40.5","-84.7","5.715872","2.375904","0.145121","0.0426334","0.0","False",,,,"False",,,,,"0","False"
"4350","KiviuqSite1","Ronaria Saxum","46","Kiviuq","0.011988","-53.0","-130.2622","2.483754","2.591167","0.0","0.0","0.0","False",,,,"False",,,,,"0","False"
"4352","IjiraqSite1","Cascadia Regio","47","Ijiraq","0.011974","-21.0","178.426","2.415444","2.264239","0.0","0.0","0.0","False",,,,"False",,,,,"0","False"
"4355","PhoebeSite1","Leto Regio","48","Phoebe","0.011832","60.0","160.0","4.649217","2.669225","0.0","0.0","0.0","False",,,,"False",,,,,"0","False"
"4357","PaaliaqSite1","Ava's Faculae","49","Paaliaq","0.012117","-42.0","62.45951","2.211935","2.494371","0.0","0.0","0.0","False",,,,"False",,,,,"0","False"
"4359","AlbiorixSite1","Hadriex Catena","50","Albiorix","0.011957","-4.0","-0.09041595","2.49336","2.556333","0.0","0.0","0.0","False",,,,"False",,,,,"0","False"
"4361","ErriapusSite1","Charlotte Catena","51","Erriapus","0.011911","-42.0","139.7849","3.929629","2.295341","0.0","0.0","0.0","False",,,,"False",,,,,"0","False"
"4363","SiarnaqSite1","Zvozdam Catena","52","Siarnaq","0.012458","-58.0","-10.8529","2.074702","1.547878","0.0","0.0","0.0","False",,,,"False",,,,,"0","False"
"4365","TarvosSite1","Rattanakosin Crater","53","Tarvos","0.011758","-56.0","34.55851","2.007989","2.122133","0.3433967","0.02868196","0.0","False",,,,"False",,,,,"0","False"
"4367","YmirSite1","Grettirsdalr","54","Ymir","0.012143","0.0","30.81713","1.746641","2.663289","0.0","0.0","0.0","False",,,,"False",,,,,"0","False"
"4374","CordeliaSite1","Marie's Haven","56","Cordelia","0.002708","-50.0","100.8625","3.0643","2.4045","0.0","0.0","0.0","False",,,,"False",,,,,"0","False"
"4376","OpheliaSite1","Laertes' Ridge","57","Ophelia","0.002708","30.0","153.316","3.663029","3.412435","1.297553","0.1613918","0.0","False",,,,"False",,,,,"0","False"
"4378","BiancaSite1","Lucentio's Gambit","58","Bianca","0.002708","0.0","116.1846","3.106582","2.411923","0.0","0.0","0.0","False",,,,"False",,,,,"0","False"
"4380","CressidaSite1","Musky Macula","59","Cressida","0.002708","-32.0","-86.85091","1.970275","1.889956","0.0","0.0","0.0","False",,,,"False",,,,,"0","False"
"4382","DesdemonaSite1","Dakro Chaos","60","Desdemona","0.002708","-50.0","-50.35392","3.105463","3.617433","0.0","0.0","0.0","False",,,,"False",,,,,"0","False"
"4384","JulietSite1","Avanelle's Oasis","61","Juliet","0.002708","26.0","-7.016975","3.329056","3.372333","0.0","0.0","0.0","False",,,,"False",,,,,"0","False"
"4386","PortiaSite1","Jethro's Gambit","62","Portia","0.002708","-14.0","-165.3391","3.175386","3.538679","0.0","0.0","0.0","False",,,,"False",,,,,"0","False"
"4388","RosalindSite1","Second Sanctuary","63","Rosalind","0.002708","58.0","-149.9837","2.84315","3.372732","0.0","0.0","0.0","False",,,,"False",,,,,"0","False"
"4390","CupidSite1","Pryority Point","64","Cupid","0.002708","-38.0","160.212","2.071563","2.015028","0.0","0.0","0.0","False",,,,"False",,,,,"0","False"
"4392","BelindaSite1","Tranquility Landing","65","Belinda","0.002708","-6.0","-149.3838","3.386651","3.019947","0.0","0.0","0.0","False",,,,"False",,,,,"0","False"
"4394","PerditaSite1","Iroh's Wisdom","66","Perdita","0.002708","33.0","136.8785","2.392895","2.437408","0.0","0.0","0.0","False",,,,"False",,,,,"0","False"
"4396","PuckSite1","Bogle Crater","67","Puck","0.002708","32.0","10.18109","3.628289","3.224047","0.0","0.0","0.0","False",,,,"False",,,,,"0","False"
"4398","MabSite1","MacVittie Macula","68","Mab","0.002708","-47.0","-34.67506","2.69927","1.094021","0.5074483","0.0","0.0","False",,,,"False",,,,,"0","False"
"4400","MirandaSite1","Inverness Corona","69","Miranda","0.002708","-69.9","325.7","6.19213","2.600519","1.881836","0.0","0.06815191","False",,,,"False",,,,,"0","False"
"4403","ArielSite1","Kachina Chasma","70","Ariel","0.002708","-33.7","246.0","6.089098","2.307308","0.0","0.0","0.004041142","False",,,,"False",,,,,"0","False"
"4404","ArielSite2","Yakshi Chasma","70","Ariel","0.002708","22.0","65.0","4.706466","1.893633","0.9818923","0.4909461","0.02055501","False",,,,"False",,,,,"0","False"
"4405","ArielSite3","Domovoy Crater","70","Ariel","0.002708","-71.5","339.7","4.685989","2.098601","1.129702","0.3765673","0.0","False",,,,"False",,,,,"0","False"
"4406","ArielSite4","Brownie Chasma","70","Ariel","0.002708","-16.0","337.6","6.099059","3.094352","0.5695792","0.06681062","0.0","False",,,,"False",,,,,"0","False"
"4409","UmbrielSite1","Dantalion Crater","71","Umbriel","0.002708","35.0","90.0","5.232709","2.950204","0.6782237","0.0","0.004634604","False",,,,"False",,,,,"0","False"
"4410","UmbrielSite2","Abraxas Crater","71","Umbriel","0.002708","18.0","175.0","6.045821","2.170428","0.0","0.0","0.0","False",,,,"False",,,,,"0","False"
"4411","UmbrielSite3","Wokolo Crater","71","Umbriel","0.002708","-30.0","1.8","4.631605","0.6111231","1.075897","0.5379486","0.0","False",,,,"False",,,,,"0","False"
"4412","UmbrielSite4","Wunda Crater","71","Umbriel","0.002708","-7.9","273.6","5.71205","2.46008","0.0","0.0","0.0","False",,,,"False",,,,,"0","False"
"4415","TitaniaSite1","Hermia Chasmata","72","Titania","0.002708","12.0","72.0","3.279267","6.680452","2.577374","0.2107801","0.0","True","8818","Base",,"False","3","4","4096","the Aliens","3","True"
"4416","TitaniaSite2","Gertrude Crater","72","Titania","0.002708","-15.8","287.1","4.02556","1.419274","0.6929048","0.3464524","0.3095835","False",,,,"False",,,,,"0","False"
"4417","TitaniaSite3","Tamora Crater","72","Titania","0.002708","29.0","138.0","2.496163","1.571792","2.056903","0.571187","0.0383532","False",,,,"False",,,,,"0","False"
"4418","TitaniaSite4","Messina Chasmata","72","Titania","0.002708","-33.3","335.0","3.765744","3.105516","0.3247633","0.1082544","0.0","False",,,,"False",,,,,"0","False"
"4421","OberonSite1","Marcellus Crater","73","Oberon","0.002708","22.0","202.0","6.167602","2.16412","2.53425","0.06284961","0.0","False",,,,"False",,,,,"0","False"
"4422","OberonSite2","Mommur Chasma","73","Oberon","0.002708","-16.3","323.5","2.616316","0.7791919","1.021516","0.0","0.0","False",,,,"False",,,,,"0","False"
"4423","OberonSite3","Macbeth Crater","73","Oberon","0.002708","-58.4","112.5","4.347329","1.628337","2.773229","0.3126822","0.1259568","False",,,,"False",,,,,"0","False"
"4424","OberonSite4","Lear Crater","73","Oberon","0.002708","-5.4","31.5","5.975839","1.903096","0.2468913","0.0","0.0","False",,,,"False",,,,,"0","False"
"4426","FranciscoSite1","Patrica's Party","74","Francisco","0.002713","22.0","-19.95585","2.149682","1.980687","0.0","0.0","0.0","False",,,,"False",,,,,"0","False"
"4428","CalibanSite1","Bismarck Mons","75","Caliban","0.002712","-37.0","-32.69582","1.93561","4.532601","0.03734269","0.01530624","0.0","False",,,,"False",,,,,"0","False"
"4430","S2023U1Site1","Beatrice Macula","76","Hero","0.0027","2.0","-120.4052","1.387213","1.766943","0.674876","0.08199061","0.01070805","False",,,,"False",,,,,"0","False"
"4432","StephanoSite1","Jeness' Stable","77","Stephano","0.00271","-18.0","164.7036","1.735897","3.400465","0.0","0.0","0.0","False",,,,"False",,,,,"0","False"
"4434","TrinculoSite1","The Rock","78","Trinculo","0.002709","30.0","158.5135","1.571407","1.624567","0.09579113","0.0","0.0","False",,,,"False",,,,,"0","False"
"4437","SycoraxSite1","Mente Materia","79","Sycorax","0.002706","18.0","50.42976","2.151862","1.976842","0.6912987","0.07675786","0.0","False",,,,"False",,,,,"0","False"
"4439","MargaretSite1","Wardenclyffe Tholus","80","Margaret","0.002735","52.0","-53.91455","1.16682","2.484355","0.01226772","0.006133862","0.0","False",,,,"False",,,,,"0","False"
"4441","ProsperoSite1","Ursus Crater","81","Prospero","0.002696","-13.0","-40.44582","1.688523","3.195088","0.1958749","0.09793746","0.0","False",,,,"False",,,,,"0","False"
"4443","SetebosSite1","Oumuamua Chasm","82","Setebos","0.002707","-39.0","46.73924","1.866061","2.999964","0.0","0.0","0.0","False",,,,"False",,,,,"0","False"
"4445","FerdinandSite1","Aegir's Resplendence","83","Ferdinand","0.002709","-45.0","171.0308","1.688244","2.170475","0.0","0.0","0.0","False",,,,"False",,,,,"0","False"
"4452","NaiadSite1","Kaldanis Paterae","85","Naiad","0.001101","55.0","-33.85884","0.6118452","1.787136","0.8013029","0.0","0.0127503","False",,,,"False",,,,,"0","False"
"4454","ThalassaSite1","Malaspina Sinus","86","Thalassa","0.001101","-43.0","-25.40491","3.565782","2.968524","0.0","0.0","0.0","False",,,,"False",,,,,"0","False"
"4456","DespinaSite1","Lorenzo's Landing","87","Despina","0.001101","44.0","37.65645","2.834478","3.524078","0.0","0.0","0.0","False",,,,"False",,,,,"0","False"
"4458","GalateaSite1","Carlajengiri Vallis","88","Galatea","0.001101","-22.0","-123.9225","2.120935","3.891294","0.0","0.0","0.0","False",,,,"False",,,,,"0","False"
"4460","LarissaSite1","New Land Vallis","89","Larissa","0.001101","36.0","166.1724","2.36273","3.536422","0.0","0.0","0.0","False",,,,"False",,,,,"0","False"
"4462","HippocampSite1","Grayson Tholus","90","Hippocamp","0.001101","-52.0","101.4359","2.443475","1.129977","0.0","0.0","0.0","False",,,,"False",,,,,"0","False"
"4464","ProteusSite1","Pharos Crater","91","Proteus","0.001101","-42.0","-141.4471","2.996759","1.982491","0.3264389","0.108813","0.0","False",,,,"False",,,,,"0","False"
"4468","TritonSite1","Bubeme Regio","92","Triton","0.001101","18.0","335.0","3.70429","3.905202","0.8258442","0.4129221","0.00996701","False",,,,"False",,,,,"0","False"
"4469","TritonSite2","Monad Regio","92","Triton","0.001101","20.0","37.0","4.075012","3.768592","0.3369269","0.112309","0.009198259","False",,,,"False",,,,,"0","False"
"4470","TritonSite3","Tuonela Planitia","92","Triton","0.001101","34.0","14.5","2.539062","1.041445","1.632866","0.3930276","0.007932129","False",,,,"False",,,,,"0","False"
"4471","TritonSite4","Ob Sulci","92","Triton","0.001101","-6.0","328.0","4.174209","4.598947","1.218948","0.506997","0.0","True","9132","Base",,"False","3","4","4096","the Aliens","3","True"
"4472","TritonSite5","Boynne Sulci","92","Triton","0.001101","-13.0","350.0","4.159345","4.332091","0.3479226","0.1159742","0.0411768","False",,,,"False",,,,,"0","False"
"4473","TritonSite6","Medamothi Planum","92","Triton","0.001101","3.5","69.0","4.14475","3.70429","0.2843464","0.1421732","0.0","False",,,,"False",,,,,"0","False"
"4474","TritonSite7","Uhlanga Regio","92","Triton","0.001101","-37.0","357.0","5.298293","1.176068","1.443047","0.4384738","0.0","False",,,,"False",,,,,"0","False"
"4475","TritonSite8","Namazu Macula","92","Triton","0.001101","-25.5","14.0","3.959597","3.676999","0.2970928","0.1485464","0.0","False",,,,"False",,,,,"0","False"
"4476","TritonSite9","Abatos Planum","92","Triton","0.001101","-31.5","58.0","4.397349","1.828488","2.323665","0.774555","0.14184","False",,,,"False",,,,,"0","False"
"4479","NereidSite1","Faris-Burke Tholus","93","Nereid","0.001098","-51.0","133.9077","3.637666","2.136375","0.0","0.0","0.0","False",,,,"False",,,,,"0","False"
"4481","HalimedeSite1","Mare Irregula","94","Halimede","0.001095","57.0","103.8396","1.856489","3.465975","1.672536","0.007419371","0.0","False",,,,"False",,,,,"0","False"
"4483","SaoSite1","Shovel's Haven","95","Sao","0.001109","-6.0","-98.41199","1.950612","4.622605","0.0","0.0","0.0","False",,,,"False",,,,,"0","False"
"4485","S2002N5Site1","Gloucester Crater","96","Ione","0.001107","-12.0","21.76722","3.318979","2.132299","0.1392344","0.0","0.0","False",,,,"False",,,,,"0","False"
"4487","LaomedeiaSite1","Undae Caelestes","97","Laomedeia","0.001097","59.0","-175.7454","1.976121","2.715997","0.0","0.0","0.0","False",,,,"False",,,,,"0","False"
"4489","PsamatheSite1","Story's Lighthouse","98","Psamathe","0.00109","0.0","-117.708","1.03845","2.940937","0.1293019","0.0423379","0.0","False",,,,"False",,,,,"0","False"
"4491","NesoSite1","Coillot's Respite","99","Neso","0.001092","57.0","-118.9383","1.84032","3.191472","0.0","0.0","0.0","False",,,,"False",,,,,"0","False"
"4493","S2023N1Site1","Leucippus Crater","100","Protho","0.001086","-9.0","-70.40624","3.231294","1.464661","0.09478735","0.0","0.0","False",,,,"False",,,,,"0","False"
"4497","CeresSite1","Hanami Planum","101","Ceres","0.130297","15.0","230.0","6.432066","2.458817","0.8154156","0.0","0.0","True","44805","Base",,"False","1","2","4089","the Resistance","1","True"
"4498","CeresSite2","Vendimia Planitia","101","Ceres","0.130297","23.0","135.0","6.159789","2.288527","0.0","0.0","0.001675402","True","46949","Base",,"False","1","2","4089","the Resistance","0","True"
"4499","CeresSite3","Yalode Crater","101","Ceres","0.130297","-42.58","292.48","3.919719","5.010368","0.8160768","0.2724278","0.0","True","26243","Base",,"False","2","3","4089","the Resistance","2","True"
"4500","CeresSite4","Kerwan Crater","101","Ceres","0.130297","-10.77","123.99","2.482102","1.09072","1.288458","0.5677128","0.03325435","False",,,,"False",,,,,"0","True"
"4504","2PallasSite1","Xiphos Crater","102","2 Pallas","0.101332","-45.0","-45.0","2.276898","3.633965","0.1446641","0.04822138","0.0","False",,,,"False",,,,,"0","False"
"4505","2PallasSite2","Falcata Crater","102","2 Pallas","0.101332","120.0","30.0","2.244339","3.52083","0.2150646","0.0","0.0","False",,,,"False",,,,,"0","False"
"4508","3JunoSite1","Juno's Shield","103","3 Juno","0.112597","-56.0","-175.0232","0.8180775","0.0","1.463595","0.0","0.0","True","41320","Base","ShipbuildingHabSchematic","True","2","3","4090","Humanity First","2","True"
"4512","4VestaSite1","Calpurnia Crater","104","4 Vesta","0.206358","16.72","349.1","1.814757","2.272424","2.025954","0.5860457","0.2559917","True","24641","Base",,"False","2","3","4089","the Resistance","1","True"
"4513","4VestaSite2","Feralia Planitia","104","4 Vesta","0.206358","3.0","101.0","2.590219","2.664907","2.439098","0.3781599","0.0","True","28151","Base","LEOHabSchematic","False","2","3","4092","the Servants","2","True"
"4516","5AstraeaSite1","Delgado-Stefancic Crater","105","5 Astraea","0.186762","-36.0","9.26899","0.5251398","0.0","1.096343","0.3730297","0.0","True","19027","Base","StrongholdHabSchematic","False","2","3","4091","the Initiative","1","True"
"4519","6HebeSite1","Jaeger's Respite","106","6 Hebe","0.230687","-36.0","-26.8731","0.0","0.0","1.242805","0.3411819","0.0","False",,,,"False",,,,,"0","True"
"4522","7IrisSite1","Lakapati's Bowl","107","7 Iris","0.210951","-60.0","-72.5698","0.5391524","0.0","1.613984","0.5379946","0.0","True","28698","Base","InfluenceHabSchematic","False","2","3","4095","Project Exodus","2","True"
"4525","8FloraSite1","Vor' Koth","108","8 Flora","0.203019","27.0","-103.2307","0.9558017","0.0","1.316877","0.3842687","0.008228628","True","42921","Base","MissionControlHabSchematic","False","2","3","4094","the Academy","2","True"
"4528","9MetisSite1","Clay Butte Ridge","109","9 Metis","0.137192","-15.0","164.8569","0.7893963","0.0","1.071354","0.5347143","0.0","True","20257","Base","ShipbuildingHabSchematic","True","2","3","4091","the Initiative","1","True"
"4531","10HygieaSite1","Calix Crater","110","10 Hygiea","0.120185","8.0","101.2744","2.012504","3.598446","0.1595246","0.0","0.0","False",,,,"False",,,,,"0","False"
"4534","11ParthenopeSite1","The Broch","111","11 Parthenope","0.140941","49.0","-19.79377","0.0","0.0","0.5819244","0.0","0.0","False",,,,"False",,,,,"0","False"
"4537","12VictoriaSite1","Yendor's Hideout","112","12 Victoria","0.163632","38.0","-101.8787","1.403643","0.0","1.156838","0.5104019","0.0","True","24887","Base","OperationsHabSchematic","False","2","3","4095","Project Exodus","2","True"
"4540","13EgeriaSite1","Cari Colliery","113","13 Egeria","0.149708","35.0","-158.991","3.168962","3.433133","0.0","0.0","0.0","False",,,,"False",,,,,"0","False"
"4543","14IreneSite1","Sapphire Mountain","114","14 Irene","0.152687","17.0","-68.69852","0.7320156","0.0","1.610421","0.3627918","0.01988026","False",,,,"False",,,,,"0","False"
"4546","15EunomiaSite1","Meade's Landing","115","15 Eunomia","0.21235","-40.0","-21.20782","1.891093","0.0","1.258152","0.2822817","0.0","True","23666","Base","StrongholdHabSchematic","False","2","3","4091","the Initiative","1","True"
"4549","16PsycheSite1","Iashar's Regret","116","16 Psyche","0.090584","43.0","-56.14523","0.0","0.0","3.605533","1.802766","0.01222878","True","28386","Base","ShipbuildingHabSchematic","True","1","2","4090","Humanity First","1","True"
"4552","17ThetisSite1","Saxum Rancora","117","17 Thetis","0.128861","-59.0","-134.0902","0.6278288","0.0","1.472689","0.01428224","0.2397725","True","34068","Base","LEOHabSchematic","False","2","3","4095","Project Exodus","2","True"
"4555","18MelpomeneSite1","Vitaeus' Hammer","118","18 Melpomene","0.158786","-47.0","17.86568","0.5230684","0.0","0.8964695","0.0","0.07682327","True","43955","Base","InfluenceHabSchematic","False","2","3","4094","the Academy","2","True"
"4558","19FortunaSite1","Fortuna's Song","119","19 Fortuna","0.180798","22.0","-73.57245","1.568927","4.05147","0.2252673","0.01414555","0.0","True","18979","Base","ResearchHabSchematic","False","2","3","4092","the Servants","2","True"
"4561","20MassaliaSite1","Mastracchio Saxum","120","20 Massalia","0.227895","-39.0","25.171","0.5523551","0.0","1.329432","0.443144","0.0","True","76203","Base","ShipbuildingHabSchematic","True","1","2","4093","the Protectorate","1","True"
"4564","21LutetiaSite1","Noricum Regio","121","21 Lutetia","0.127263","41.0","10.0","1.130959","1.833875","2.673236","0.5995606","0.0","True","31151","Base","OperationsHabSchematic","False","2","3","4094","the Academy","2","True"
"4567","22KalliopeSite1","Ardua Ardens","122","22 Kalliope","0.103312","36.0","20.84615","1.104864","2.778967","1.969627","0.7418497","0.0","True","27541","Base","OperationsHabSchematic","False","1","2","4095","Project Exodus","1","True"
"4569","LinusSite1","Teresa's Triumph","123","Linus","0.103311","-44.0","10.00175","0.4339415","0.0","1.303035","0.4015227","0.0","True","20775","Base","ShipbuildingHabSchematic","True","1","2","4091","the Initiative","1","True"
"4572","23ThaliaSite1","Sarah's Rock","124","23 Thalia","0.096795","-54.0","11.88864","0.54994","0.0","1.950797","0.8120748","0.0","True","32195","Base","ResearchHabSchematic","False","2","3","4095","Project Exodus","2","True"
"4575","24ThemisSite1","Dracones Portum Crater","125","24 Themis","0.078449","33.0","-118.2295","4.121405","2.286259","0.0","0.0","0.0","True","24019","Base","ShipbuildingHabSchematic","True","2","3","4092","the Servants","2","True"
"4578","25PhocaeaSite1","Victoria Rupes","126","25 Phocaea","0.173827","55.0","-121.8569","0.9151633","0.0","1.361266","0.0","0.0","False",,,,"False",,,,,"0","False"
"4581","26ProserpinaSite1","Sica Saxum","127","26 Proserpina","0.116999","-14.0","-7.467575","0.4656732","0.0","1.469456","0.02258319","0.1373008","True","42082","Base","LEOHabSchematic","False","2","3","4094","the Academy","2","True"
"4584","27EuterpeSite1","Presnall Promontorium","128","27 Euterpe","0.177417","5.0","-93.59831","2.026286","0.0","1.206943","0.03303007","0.1974328","True","22779","Base","StrongholdHabSchematic","False","2","3","4093","the Protectorate","2","True"
"4587","28BellonaSite1","Lost Dutchman's Macula","129","28 Bellona","0.122515","-50.0","13.94891","0.4840599","0.0","1.704391","0.434056","0.0","True","24584","Base","ShipbuildingHabSchematic","True","1","2","4091","the Initiative","1","True"
"4590","29AmphitriteSite1","Marco's Magnesis Macula","130","29 Amphitrite","0.158562","4.0","150.3463","0.7763521","0.0","1.388453","0.4628176","0.0","True","42828","Base","ShipbuildingHabSchematic","True","2","3","4090","Humanity First","2","True"
"4593","30UraniaSite1","Ailure's Pit","131","30 Urania","0.17856","27.0","-7.773811","0.8098435","0.0","1.417877","0.07337467","0.0","True","20690","Base","InfluenceHabSchematic","False","2","3","4092","the Servants","2","True"
"4596","31EuphrosyneSite1","Creag Màthair","132","31 Euphrosyne","0.083733","12.0","143.7226","2.248471","3.368146","0.186633","0.07855406","0.0","False",,,,"False",,,,,"0","False"
"4599","34CirceSite1","Temptress Chasma","133","34 Circe","0.111517","-14.0","-14.50035","1.727112","3.63716","0.1185073","0.03950243","0.0","False",,,,"False",,,,,"0","False"
"4602","35LeukotheaSite1","Marko's Crater","134","35 Leukothea","0.093643","-58.0","66.55339","2.219124","3.937833","0.0","0.0","0.0","False",,,,"False",,,,,"0","False"
"4605","36AtalanteSite1","Adams-Carey Crater","135","36 Atalante","0.182454","6.0","-177.2196","1.220715","2.273923","2.195858","0.7927982","0.0","True","45376","Base",,"False","1","2","4089","the Resistance","1","True"
"4608","37FidesSite1","Mulipis Patera","136","37 Fides","0.167959","-11.0","-140.5963","0.4253119","0.0","1.33573","0.355473","0.236459","True","45223","Base","OperationsHabSchematic","False","2","3","4094","the Academy","2","True"
"4611","38LedaSite1","Khamendar Crater","137","38 Leda","0.17583","-16.0","-151.6341","0.9744849","1.217803","2.838382","0.9459342","0.0","True","40251","Base","ResearchHabSchematic","False","2","3","4094","the Academy","2","True"
"4614","39LaetitiaSite1","Aristides Mensa","138","39 Laetitia","0.14223","44.0","160.2926","0.5445356","0.0","2.147061","0.2170154","0.0","False",,,,"False",,,,,"0","False"
"4617","40HarmoniaSite1","Megara's Sorrow","139","40 Harmonia","0.180398","-52.0","-165.9676","0.2861259","0.0","0.6571724","0.3285863","0.0","True","19593","Base","ShipbuildingHabSchematic","True","2","3","4091","the Initiative","2","True"
"4620","41DaphneSite1","Fienchen Crater","140","41 Daphne","0.08591","-52.0","80.61254","2.057985","3.213366","0.0","0.0","0.0","False",,,,"False",,,,,"0","False"
"4623","42IsisSite1","Adaleigh Crater","141","42 Isis","0.1744","-17.0","168.8012","0.3770806","0.0","1.143916","0.5719582","0.0","True","30411","Base","ShipbuildingHabSchematic","True","2","3","4095","Project Exodus","2","True"
"4626","43AriadneSite1","Filum Vitae Enderis","142","43 Ariadne","0.156205","54.0","-150.712","1.982608","0.0","0.3619396","0.0","0.3341425","False",,,,"False",,,,,"0","False"
"4629","44NysaSite1","Mazon's Radiance","143","44 Nysa","0.21142","31.0","-146.8101","0.0","0.0","3.340446","1.113482","0.0","True","18472","Base","ShipbuildingHabSchematic","True","2","3","4091","the Initiative","1","True"
"4632","45EugeniaSite1","Canberran Dorsum","144","45 Eugenia","0.137711","50.0","-70.86654","0.0","3.773507","0.0","0.0","0.0","True","28061","Base","StrongholdHabSchematic","False","2","3","4093","the Protectorate","2","True"
"4635","46HestiaSite1","Maxwell Valles","145","46 Hestia","0.122164","-21.0","179.953","2.050535","3.463238","0.1426074","0.0","0.0","True","16149","Base","InfluenceHabSchematic","False","2","3","4095","Project Exodus","2","True"
"4638","47AglajaSite1","Laidlaw Valles","146","47 Aglaja","0.158134","-15.0","121.12","2.092179","3.071682","0.2086433","0.06954777","0.0","True","18085","Base","ShipbuildingHabSchematic","True","1","2","4091","the Initiative","1","True"
"4641","48DorisSite1","Barney Crater","147","48 Doris","0.096416","34.0","138.734","2.139944","3.367241","0.7523979","0.07460691","0.0","False",,,,"False",,,,,"0","False"
"4644","49PalesSite1","Nutmeg Labyrinthus","148","49 Pales","0.102177","25.0","-16.23982","2.140004","3.018742","0.0","0.0","0.0","True","48389","Base","ResearchHabSchematic","False","1","2","4092","the Servants","1","True"
"4647","51NemausaSite1","Vigilance Crater","149","51 Nemausa","0.19797","-46.0","72.06039","2.074365","3.279735","0.0","0.0","0.0","True","23974","Base","LEOHabSchematic","False","2","3","4094","the Academy","2","True"
"4650","52EuropaSite1","Planum Accipiter Venti","150","52 Europa","0.108429","58.0","174.8158","1.894681","3.298179","0.0","0.0","0.0","False",,,,"False",,,,,"0","False"
"4653","54AlexandraSite1","Kol Benas Regio","151","54 Alexandra","0.175037","-45.0","-3.59668","2.285568","3.654697","0.2016577","0.0","0.0","True","22733","Base","ShipbuildingHabSchematic","True","1","2","4091","the Initiative","1","True"
"4656","55PandoraSite1","Pestilence Point","152","55 Pandora","0.174041","-37.0","-149.9239","0.0","0.0","2.059226","0.6961394","0.003947239","True","29077","Base","ShipbuildingHabSchematic","True","2","3","4093","the Protectorate","2","True"
"4659","56MeleteSite1","Fiona's Folly","153","56 Melete","0.251154","-11.0","9.458839","2.00841","1.740355","1.280333","0.0","0.03015274","False",,,,"False",,,,,"0","False"
"4662","57MnemosyneSite1","Vallis VanDerWielen","154","57 Mnemosyne","0.115263","-18.0","-6.873383","0.8082918","0.0","1.886844","0.534005","0.3241146","False",,,,"False",,,,,"0","False"
"4665","59ElpisSite1","VE-5918 Labyrinthus","155","59 Elpis","0.107205","-42.0","8.630211","1.488564","3.331529","0.7970731","0.1226438","0.0","False",,,,"False",,,,,"0","False"
"4668","62EratoSite1","Chung Catena","156","62 Erato","0.107777","7.0","46.07146","2.146344","2.258729","0.279057","0.1395285","0.0","True","31419","Base","InfluenceHabSchematic","False","1","2","4095","Project Exodus","1","True"
"4671","63AusoniaSite1","The Folly of Pavonis","157","63 Ausonia","0.203422","-5.0","108.1458","2.460344","1.978819","3.032951","0.7727938","0.0","True","27249","Base","ShipbuildingHabSchematic","True","2","3","4095","Project Exodus","2","True"
"4674","65CybeleSite1","Scythen's Run","158","65 Cybele","0.097589","58.0","-173.7838","1.317976","1.97811","0.2590136","0.0","0.0","False",,,,"False",,,,,"0","False"
"4677","68LetoSite1","Jennifer's Crater","159","68 Leto","0.108403","21.0","-89.87527","0.4163015","0.0","1.587759","0.6244525","0.0","True","20514","Base","OperationsHabSchematic","False","1","2","4091","the Initiative","1","True"
"4680","69HesperiaSite1","Kuun-Lan Crater","160","69 Hesperia","0.080944","23.0","-148.8025","0.0","0.0","4.434634","1.75048","0.0","True","29806","Base","InfluenceHabSchematic","False","1","2","4095","Project Exodus","1","True"
"4683","76FreiaSite1","Leonidas' Crater","161","76 Freia","0.118958","-11.0","-44.35508","2.176725","3.552656","0.205266","0.0","0.0","True","27287","Base","StrongholdHabSchematic","False","2","3","4092","the Servants","2","True"
"4686","85IoSite1","Martonis Hollow","162","85 Io","0.153447","-10.0","-149.7201","1.813567","3.06932","0.2262198","0.0754066","0.0","False",,,,"False",,,,,"0","False"
"4689","87SylviaSite1","Sluijters Terra","163","87 Sylvia","0.071999","-43.0","47.36973","2.023432","2.02288","1.265851","0.0","0.02783981","False",,,,"False",,,,,"0","False"
"4692","88ThisbeSite1","Waldron's Wail","164","88 Thisbe","0.153278","-18.0","-98.27498","2.031212","3.846581","0.0","0.0","0.0","True","18505","Base","InfluenceHabSchematic","False","1","2","4090","Humanity First","1","True"
"4695","89JuliaSite1","Valles Fidelis","165","89 Julia","0.15183","-44.0","-132.7198","0.4976291","0.0","1.816921","0.2163499","0.04517607","False",,,,"False",,,,,"0","False"
"4698","92UndinaSite1","Zephyr's Reach","166","92 Undina","0.117204","-31.0","21.30705","0.0","0.0","5.325726","1.775242","0.0422936","True","23120","Base",,"False","3","4","4096","the Aliens","3","True"
"4701","93MinervaSite1","Olea Saxum","167","93 Minerva","0.10798","-32.0","-38.79533","2.074856","3.015902","0.0","0.0","0.0","False",,,,"False",,,,,"0","False"
"4704","94AuroraSite1","Illini Ridge","168","94 Aurora","0.090166","-6.0","40.39977","2.021282","3.223078","0.0","0.0","0.0","False",,,,"False",,,,,"0","False"
"4707","95ArethusaSite1","Voskaya Mons","169","95 Arethusa","0.107025","-20.0","-71.13484","2.196295","4.591465","0.133953","0.0","0.0","False",,,,"False",,,,,"0","False"
"4710","96AegleSite1","Numenar Kraali","170","96 Aegle","0.126128","19.0","36.52025","0.0","2.741182","0.2447955","0.0","0.0","False",,,,"False",,,,,"0","False"
"4713","97KlothoSite1","Theo Terra","171","97 Klotho","0.240676","34.0","47.23177","1.070412","1.988378","2.328515","0.7761717","0.0","False",,,,"False",,,,,"0","False"
"4716","104KlymeneSite1","Pugnando Anatis Macula","172","104 Klymene","0.095105","-21.0","123.8735","1.483858","3.454257","0.0","0.0","0.0","False",,,,"False",,,,,"0","False"
"4719","106DioneSite1","Gloria 95 Crater","173","106 Dione","0.132085","16.0","84.2644","1.879752","3.089454","0.1091901","0.0","0.0","False",,,,"False",,,,,"0","False"
"4722","107CamillaSite1","Mawn's Hold","174","107 Camilla","0.094968","-40.0","32.90881","1.992386","1.672935","0.9154159","0.3051386","0.0","False",,,,"False",,,,,"0","False"
"4725","110LydiaSite1","Happy Titus Crater","175","110 Lydia","0.118062","-37.0","-104.8267","1.21347","1.733243","1.409589","0.0","0.0","True","34379","Base","StrongholdHabSchematic","False","2","3","4095","Project Exodus","2","True"
"4728","114KassandraSite1","Nótt's Retreat","176","114 Kassandra","0.117721","-49.0","128.9444","0.0","3.283725","0.3328346","0.1664173","0.0","True","36720","Base","StrongholdHabSchematic","False","2","3","4090","Humanity First","2","True"
"4731","117LomiaSite1","Cave Draconem","177","117 Lomia","0.116233","-24.0","-138.4335","0.1351119","1.988376","2.507007","0.6726618","0.0","False",,,,"False",,,,,"0","False"
"4734","120LachesisSite1","Knickerbocker's Labyrinthus","178","120 Lachesis","0.105967","-16.0","-145.1898","1.710784","3.311951","0.0","0.0","0.0","False",,,,"False",,,,,"0","False"
"4737","121HermioneSite1","Snider's Chaos","179","121 Hermione","0.079602","44.0","-68.40472","1.799901","4.167599","0.07664945","0.0","0.0","False",,,,"False",,,,,"0","False"
"4740","127JohannaSite1","Historia Mare","180","127 Johanna","0.135106","50.0","-174.6828","2.432892","3.477315","0.1886995","0.0235852","0.0","False",,,,"False",,,,,"0","False"
"4743","128NemesisSite1","Belial's Pit","181","128 Nemesis","0.128499","45.0","-108.0852","2.025809","3.013393","1.520446","0.0","0.0","False",,,,"False",,,,,"0","False"
"4746","129AntigoneSite1","Saxa de Silvertree Chasma","182","129 Antigone","0.094859","20.0","-88.97202","0.0","0.0","3.465108","1.732554","0.0","True","26093","Base",,"False","1","2","4089","the Resistance","1","True"
"4749","130ElektraSite1","Srinivasan Scopulus","183","130 Elektra","0.075951","45.0","-125.8502","2.285825","3.466778","0.0","0.0","0.0","False",,,,"False",,,,,"0","False"
"4752","132AethraSite1","Amador Vallis","184","132 Aethra","0.342066","-59.0","-41.00949","0.0","0.0","3.550981","1.148678","0.03074167","True","25843","Base","ShipbuildingHabSchematic","True","1","2","4091","the Initiative","1","True"
"4755","135HerthaSite1","Petersen Impact Site","185","135 Hertha","0.119084","28.0","153.5151","0.006501005","0.0","6.234651","0.726702","0.0349884","True","41786","Base","ShipbuildingHabSchematic","True","2","3","4090","Humanity First","2","True"
"4758","137MeliboeaSite1","Hominid's Terra","186","137 Meliboea","0.072856","54.0","-98.44276","2.219535","3.111381","0.0","0.0","0.0","False",,,,"False",,,,,"0","False"
"4761","139JuewaSite1","Lumen Astra","187","139 Juewa","0.118203","9.0","-120.2709","2.117104","1.64765","0.9623548","0.0","0.0","True","34893","Base","StrongholdHabSchematic","False","2","3","4095","Project Exodus","2","True"
"4764","146LucinaSite1","Chrispy's Crater","188","146 Lucina","0.131632","53.0","179.1395","1.970241","3.405674","0.0","0.0","0.0","False",,,,"False",,,,,"0","False"
"4767","153HildaSite1","Brian's Chaos","189","153 Hilda","0.06119","6.0","-101.8521","2.016736","3.215612","0.2129413","0.07098044","0.0","True","36654","Base","ShipbuildingHabSchematic","True","1","2","4090","Humanity First","1","True"
"4770","154BerthaSite1","Springs Crater","190","154 Bertha","0.095093","-49.0","-99.16408","2.206236","3.034724","0.0","0.0","0.0","True","41012","Base","ShipbuildingHabSchematic","True","1","2","4090","Humanity First","1","True"
"4773","165LoreleySite1","Mare Salvatore","191","165 Loreley","0.090379","47.0","-88.72375","2.89364","3.197727","4.596549","0.1268954","0.0","True","19488","Base",,"False","3","4","4096","the Aliens","3","True"
"4776","168SibyllaSite1","Ozymandias Crater","192","168 Sibylla","0.093347","-54.0","35.43782","2.087969","4.660038","0.2406896","0.0","0.0","True","36992","Base","ResearchHabSchematic","False","2","3","4094","the Academy","2","True"
"4779","185EunikeSite1","Sanabria-Moreira Crater","193","185 Eunike","0.104479","-46.0","121.8308","1.997403","3.265984","0.0","0.0","0.0","False",,,,"False",,,,,"0","False"
"4782","187LambertaSite1","Ace's Nest","194","187 Lamberta","0.108538","-13.0","71.82892","1.748853","2.11487","0.2125006","0.02835121","0.0","True","31929","Base","ShipbuildingHabSchematic","True","2","3","4095","Project Exodus","2","True"
"4785","190IsmeneSite1","Christensen Chaos","195","190 Ismene","0.045789","-56.0","-12.36232","2.255392","1.87674","1.163538","0.0","0.02590423","False",,,,"False",,,,,"0","False"
"4788","192NausikaaSite1","Ventus Vallis","196","192 Nausikaa","0.139164","24.0","-153.6584","0.6764979","0.0","1.364067","0.0","0.7844344","False",,,,"False",,,,,"0","False"
"4791","194ProkneSite1","Chasma Czyzewski","197","194 Prokne","0.240209","53.0","-22.60975","1.847978","4.703517","0.0","0.0","0.0","True","32696","Base","OperationsHabSchematic","False","2","3","4095","Project Exodus","2","True"
"4794","196PhilomelaSite1","Solo Chaos","198","196 Philomela","0.101665","-2.0","-151.9502","0.5404904","0.0","1.835153","0.0","0.4613139","True","29490","Base","ResearchHabSchematic","False","2","3","4093","the Protectorate","2","True"
"4797","209DidoSite1","Kostanay Crater","199","209 Dido","0.104346","-35.0","33.21457","1.984449","3.375283","0.0","0.0","0.0","False",,,,"False",,,,,"0","False"
"4800","216KleopatraSite1","Berger's Coulee","200","216 Kleopatra","0.148159","6.0","68.5186","0.0","0.0","1.975851","0.775245","0.0","True","32986","Base","ShipbuildingHabSchematic","True","1","2","4090","Humanity First","1","True"
"4803","221EosSite1","Dawnstone Delve","201","221 Eos","0.094244","19.0","-74.00014","0.8452975","0.0","1.409059","0.4696863","0.0","True","25154","Base","ShipbuildingHabSchematic","True","1","2","4091","the Initiative","1","True"
"4806","230AthamantisSite1","Tulik Chaos","202","230 Athamantis","0.183003","-40.0","130.6734","0.3973536","0.0","1.540905","0.1629242","0.0","True","18826","Base","ShipbuildingHabSchematic","True","2","3","4091","the Initiative","2","True"
"4809","233AsteropeSite1","Southern Cross Catena","203","233 Asterope","0.143507","57.0","85.65633","0.0","4.983872","0.5644431","0.1411489","0.0","True","26893","Base","InfluenceHabSchematic","False","2","3","4093","the Protectorate","2","True"
"4812","238HypatiaSite1","Gloria's Rest","204","238 Hypatia","0.124788","-54.0","138.7849","1.725712","3.432375","0.108875","0.0","0.0","False",,,,"False",,,,,"0","False"
"4815","241GermaniaSite1","Wächterruhe","205","241 Germania","0.122931","-54.0","170.7686","2.194612","3.586635","0.0","0.0","0.0","True","30346","Base","ResearchHabSchematic","False","1","2","4090","Humanity First","1","True"
"4818","246AsperinaSite1","Aniki's Crater","206","246 Asporina","0.135775","-11.0","-175.9994","0.9062773","0.0","1.210599","0.04353692","0.0","True","32410","Base","ShipbuildingHabSchematic","True","2","3","4095","Project Exodus","2","True"
"4821","250BettinaSite1","Harris Crater","207","250 Bettina","0.117166","36.0","-154.6299","0.1373351","0.0","4.422499","2.211249","0.02372625","True","25413","Base",,"False","1","2","4089","the Resistance","1","True"
"4824","253MathildeSite1","Karoo Crater","208","253 Mathilde","0.103649","33.5","81.6","1.969539","3.114166","0.03633183","0.01816591","0.0","False",,,,"False",,,,,"0","False"
"4827","259AletheiaSite1","Demon's Run","209","259 Aletheia","0.082526","-37.0","-132.9678","2.244001","2.130641","0.9045444","0.0","0.03056726","True","64769","Base","LEOHabSchematic","False","1","2","4094","the Academy","1","True"
"4830","279ThuleSite1","Second Knud Rasmussen Montes","210","279 Thule","0.054726","-21.0","-126.0251","3.081587","3.300416","0.2134651","0.0","0.0","False",,,,"False",,,,,"0","False"
"4833","308PolyxoSite1","Stentor Chaos","211","308 Polyxo","0.135037","-31.0","-109.0952","0.0","1.871493","0.0","0.0","0.0","True","16912","Base","ShipbuildingHabSchematic","True","2","3","4092","the Servants","2","True"
"4835","323BruciaSite1","The Old Salty Deep Dive","212","323 Brucia","0.102383","35.0","63.47623","0.0","0.0","1.036733","0.0","0.0","True","37944","Base",,"False","2","3","4090","Humanity First","2","True"
"4838","324BambergaSite1","Selene Lacunae","213","324 Bamberga","0.080294","-18.0","45.38624","1.622874","1.848916","0.9136292","0.0","0.014852","False",,,,"False",,,,,"0","False"
"4841","325HeidelbergaSite1","Bismarck Facula","214","325 Heidelberga","0.122894","-45.0","-150.1502","0.0","0.0","2.886288","0.2625191","0.0","True","29132","Base","StrongholdHabSchematic","False","1","2","4095","Project Exodus","1","True"
"4844","328GudrunSite1","Mactaverum Labyrinthus","215","328 Gudrun","0.123155","36.0","144.3918","0.5824793","0.0","1.419047","0.3448009","0.04238551","False",,,,"False",,,,,"0","False"
"4847","334ChicagoSite1","Kekionga Landing","216","334 Chicago","0.06201","-5.0","171.2495","2.069705","4.146648","0.2018501","0.0870732","0.0","False",,,,"False",,,,,"0","False"
"4850","336LacadieraSite1","Hanel Catena","217","336 Lacadiera","0.203981","-20.0","-108.9448","3.246302","2.242241","0.0","0.0","0.0","False",,,,"False",,,,,"0","True"
"4853","349DembowskaSite1","Hazel Crater","218","349 Dembowska","0.123996","-1.0","51.56241","0.6335058","0.0","1.191888","0.4992591","0.0","False",,,,"False",,,,,"0","False"
"4856","354EleonoraSite1","Hübner Linea","219","354 Eleonora","0.148554","0.0","-66.04102","0.7413412","0.0","2.483683","0.4931112","0.06209769","False",,,,"False",,,,,"0","False"
"4859","356LiguriaSite1","Ryan's Ascent","220","356 Liguria","0.103556","-1.0","19.52731","2.242758","3.160348","0.0","0.0","0.0","False",,,,"False",,,,,"0","False"
"4862","361BononiaSite1","Hall Crater","221","361 Bononia","0.10074","-23.0","154.0275","3.969578","3.70926","0.0","0.0","0.0","False",,,,"False",,,,,"0","False"
"4865","372PalmaSite1","Yuri Chaos","222","372 Palma","0.082864","-33.0","16.18031","1.913581","2.966478","0.1792955","0.05110878","0.0","False",,,,"False",,,,,"0","False"
"4868","375UrsulaSite1","Dillard Crater","223","375 Ursula","0.089748","-53.0","-93.97648","1.01766","2.003185","2.166144","0.5051195","0.0","False",,,,"False",,,,,"0","False"
"4871","386SiegenaSite1","Diogenes Crater","224","386 Siegena","0.08641","-36.0","163.8657","2.859077","3.069047","0.0","0.0","0.0","True","32932","Base","LEOHabSchematic","False","2","3","4095","Project Exodus","2","True"
"4873","391IngeborgSite1","Oliver's End","225","391 Ingeborg","0.186659","15.0","-81.51693","0.0","0.0","0.9680877","0.3226959","0.3400826","True","43016","Base","OperationsHabSchematic","False","2","3","4090","Humanity First","2","True"
"4876","409AspasiaSite1","Kimberly Catena","226","409 Aspasia","0.144729","-41.0","178.3185","1.108514","1.703456","2.708828","0.7365594","0.0","True","23372","Base",,"False","3","4","4096","the Aliens","3","True"
"4879","419AureliaSite1","Rizo Basin","227","419 Aurelia","0.144454","-3.0","143.3646","0.0","3.423491","0.0","0.0","0.0","True","19242","Base","StrongholdHabSchematic","False","2","3","4095","Project Exodus","2","True"
"4882","423DiotimaSite1","Cincinnatus Crater","228","423 Diotima","0.103867","-29.0","-82.34857","1.931312","3.555048","0.2894153","0.0","0.0","False",,,,"False",,,,,"0","False"
"4884","433ErosSite1","Charlois Regio","229","433 Eros","0.76404","-16.0","-150.0","0.0","0.0","1.00021","0.1451817","0.0","True","21062","Base","ShipbuildingHabSchematic","True","2","3","4091","the Initiative","2","True"
"4886","434HungariaSite1","Velvet Vindicta","230","434 Hungaria","0.252608","54.0","42.62762","0.0","0.0","1.941281","0.2408381","0.01822661","True","25573","Base","LEOHabSchematic","False","2","3","4091","the Initiative","2","True"
"4889","444GyptisSite1","Gryphon Watch","231","444 Gyptis","0.099551","-20.0","107.1033","2.274915","3.14287","0.0","0.0","0.0","False",,,,"False",,,,,"0","False"
"4892","451PatientiaSite1","Dakers Mensa","232","451 Patientia","0.115868","-39.0","108.1184","1.830607","3.161446","0.1119065","0.05595325","0.0","False",,,,"False",,,,,"0","False"
"4894","475OclloSite1","Charlie's Chasma","233","475 Ocllo","0.077558","-29.0","-36.14771","0.6261413","1.130272","1.214246","0.4047487","0.0","False",,,,"False",,,,,"0","False"
"4897","488KreusaSite1","Ferrus Chaos","234","488 Kreusa","0.072831","2.0","-129.2899","2.173934","3.282657","1.053066","0.2377762","0.0","False",,,,"False",,,,,"0","False"
"4900","490VeritasSite1","Spinoza's Heart","235","490 Veritas","0.118787","-38.0","-151.4454","1.813053","3.731938","1.552782","0.03825568","0.0","False",,,,"False",,,,,"0","False"
"4903","511DavidaSite1","Persson Crater","236","511 Davida","0.074468","-48.0","-142.1553","2.078532","3.244232","0.3753178","0.0","0.0","False",,,,"False",,,,,"0","False"
"4905","512TaurinensisSite1","Luca and Marco's First Steps","237","512 Taurinensis","0.265578","-24.0","11.07421","0.0","0.0","1.260464","0.0","0.0","True","22293","Base","ShipbuildingHabSchematic","True","2","3","4091","the Initiative","2","True"
"4908","532HerculinaSite1","Kraken's Respite","238","532 Herculina","0.183409","-60.0","-99.98875","0.6112548","0.0","1.432266","0.0","0.1038724","False",,,,"False",,,,,"0","False"
"4911","536MerapiSite1","River's Crossing","239","536 Merapi","0.070934","-37.0","111.6805","0.0","0.0","3.916291","1.843674","0.1045548","True","34121","Base","ShipbuildingHabSchematic","True","1","2","4090","Humanity First","1","True"
"4914","566StereoskopiaSite1","Lee Crater","240","566 Stereoskopia","0.096065","7.0","-78.93774","2.286778","3.336746","0.0","0.0","0.0","False",,,,"False",,,,,"0","False"
"4917","588AchillesSite1","The Voice of Majel","241","588 Achilles","0.041107","4.0","-129.6364","1.960258","3.879469","0.0","0.0","0.0","False",,,,"False",,,,,"0","False"
"4920","596ScheilaSite1","Nightwings Crater","242","596 Scheila","0.134788","-13.0","-6.354683","3.026865","3.274505","0.0","0.0","0.0","True","31687","Base","ShipbuildingHabSchematic","True","1","2","4095","Project Exodus","1","True"
"4923","617PatroclusSite1","Rotll's Paradox","243","617 Patroclus","0.03332","50.0","-166.0205","1.033349","2.280906","0.9665592","0.0","0.0","False",,,,"False",,,,,"0","False"
"4925","MenoetiusSite1","The Apples","244","Menoetius","0.03332","39.0","-36.9696","2.179197","1.894479","0.5897922","0.0","0.0","False",,,,"False",,,,,"0","False"
"4928","624HektorSite1","Pamplier Chaos","245","624 Hektor","0.034911","-37.0","-14.4655","3.272977","2.845553","0.0","0.0","0.0","False",,,,"False",,,,,"0","False"
"4931","654ZelindaSite1","Hirschfeld Crater","246","654 Zelinda","0.271475","-23.0","127.0443","2.194199","3.13108","0.1820856","0.04103538","0.0","False",,,,"False",,,,,"0","False"
"4933","699HelaSite1","Fluffy Paw Catena","247","699 Hela","0.323133","20.0","-140.204","0.0","0.0","0.8978448","0.0","0.0","False",,,,"False",,,,,"0","False"
"4936","702AlaudaSite1","Caridea Crater","248","702 Alauda","0.093031","-42.0","89.75497","1.802451","2.622593","0.0","0.0","0.0","False",,,,"False",,,,,"0","False"
"4939","704InteramniaSite1","Madeleine's Landing","249","704 Interamnia","0.123509","-11.0","155.6778","1.997497","3.380256","0.0","0.0","0.0","False",,,,"False",,,,,"0","False"
"4942","747WinchesterSite1","Bulsara Tholus","250","747 Winchester","0.068652","-43.0","-16.77283","1.713868","3.030756","0.7692906","0.03391799","0.0","False",,,,"False",,,,,"0","False"
"4945","762PulcovaSite1","Source's Son Planitia","251","762 Pulcova","0.119325","52.0","-21.81953","1.384175","3.469959","0.8858218","0.0","0.0","True","34608","Base","ShipbuildingHabSchematic","True","1","2","4095","Project Exodus","1","True"
"4948","776BerbericiaSite1","Mary's Crater","252","776 Berbericia","0.16117","22.0","99.0161","1.776563","3.254796","0.6571702","0.06468437","0.0","False",,,,"False",,,,,"0","False"
"4951","790PraetoriaSite1","Lysella Facula","253","790 Praetoria","0.102442","-31.0","117.0772","1.015232","2.24813","0.90722","0.05205685","0.0","False",,,,"False",,,,,"0","False"
"4954","911AgamemnonSite1","Baci Macula","254","911 Agamemnon","0.038958","-9.0","-37.49928","2.954705","4.167644","0.0","0.0","0.0","False",,,,"False",,,,,"0","False"
"4956","944HidalgoSite1","Templin's Relief","255","944 Hidalgo","0.129614","14.0","-22.60738","2.657006","2.873471","0.0","0.0","0.0","False",,,,"False",,,,,"0","False"
"4958","1036GanymedSite1","Jack's Latex Tuxedo","256","1036 Ganymed","0.422328","-17.0","83.54616","0.0","0.0","1.488946","0.7444732","0.03288051","True","35460","Base","StrongholdHabSchematic","False","2","3","4090","Humanity First","2","True"
"4961","1143OdysseusSite1","Cadmean Labyrinthus","257","1143 Odysseus","0.035148","40.0","20.18609","3.316471","3.320624","0.0","0.0","0.0","False",,,,"False",,,,,"0","False"
"4964","1172AneasSite1","Solvi Voltec","258","1172 Äneas","0.044029","-9.0","143.878","3.112719","3.556292","0.0","0.0","0.0","False",,,,"False",,,,,"0","False"
"4967","1173AnchisesSite1","Ressika Rupes","259","1173 Anchises","0.032492","-26.0","-159.5044","1.558658","1.880849","0.7364711","0.06257185","0.02526862","True","17317","Base",,"False","3","4","4096","the Aliens","3","True"
"4970","1437DiomedesSite1","Waffle's Tholus","260","1437 Diomedes","0.039239","-16.0","-73.11331","3.544915","2.970239","0.0","0.0","0.0","False",,,,"False",,,,,"0","False"
"4972","1627IvarSite1","Greifenberg Tholus","261","1627 Ivar","0.199987","-43.0","-8.674149","0.0","0.0","0.7537665","0.0","0.1539241","False",,,,"False",,,,,"0","True"
"4974","1866SisyphusSite1","Commander's Folly","262","1866 Sisyphus","0.245369","52.0","-68.22019","0.0","0.0","1.110367","0.0","0.0","False",,,,"False",,,,,"0","True"
"4977","1867DeiphobusSite1","Klatu Crater","263","1867 Deiphobus","0.040826","-28.0","57.68677","2.37373","1.804602","1.025385","0.2088627","0.01666689","False",,,,"False",,,,,"0","False"
"4980","1911SchubartSite1","Horizon Chaos","264","1911 Schubart","0.050997","-12.0","-73.4583","1.79221","1.966576","0.2781032","0.09270108","0.02472246","True","66602","Base","LEOHabSchematic","False","1","2","4094","the Academy","1","True"
"4982","1951LickSite1","Chonchiyo Crater","265","1951 Lick","0.571236","51.0","21.57462","1.173275","0.7803165","1.212801","0.329107","0.0","False",,,,"False",,,,,"0","False"
"4985","2060ChironSite1","TovuTovu Terra","266","2060 Chiron","0.003819","-44.0","-116.7724","2.045599","3.121294","0.0","0.0","0.0","False",,,,"False",,,,,"0","False"
"4987","2064ThomsenSite1","Swackhammer's Folly","267","2064 Thomsen","0.195858","25.0","-122.3978","0.0","0.0","0.978084","0.0","0.2061646","True","37058","Base","ShipbuildingHabSchematic","True","2","3","4090","Humanity First","2","True"
"4990","2204LyyliSite1","Eye of Demaloa","268","2204 Lyyli","0.092083","38.0","-34.3208","0.9031038","3.662165","0.9764194","0.4433371","0.0","True","49384","Base",,"False","1","2","4089","the Resistance","1","True"
"4992","2212HephaistosSite1","Hess Crater","269","2212 Hephaistos","0.158022","27.0","42.39373","1.488241","1.453648","0.4201807","0.1341287","0.08039761","True","40747","Base","StrongholdHabSchematic","False","2","3","4090","Humanity First","2","True"
"4994","3200PhaethonSite1","Ave Maria Mare","270","3200 Phaethon","0.17075","-18.0","-101.1998","0.0","2.768207","0.2645245","0.0","0.0","False",,,,"False",,,,,"0","False"
"4997","3317ParisSite1","Helen Catena","271","3317 Paris","0.04572","-44.0","156.2242","0.0","3.173735","0.0","0.0","0.0","False",,,,"False",,,,,"0","False"
"4999","3353JarvisSite1","B. Liverseed Crater","272","3353 Jarvis","0.264178","-32.0","-116.3496","2.263934","2.221766","0.0","0.0","0.0","True","22830","Base","ShipbuildingHabSchematic","True","2","3","4089","the Resistance","2","True"
"5002","3451MentorSite1","Blackbird Rupes","273","3451 Mentor","0.042139","-42.0","117.1203","3.684457","1.91101","0.0","0.0","0.0","False",,,,"False",,,,,"0","False"
"5004","3552DonQuixoteSite1","Cervantes Catena","274","3552 Don Quixote","0.023918","42.0","120.9102","0.0","2.229614","0.0","0.0","0.0","False",,,,"False",,,,,"0","False"
"5006","3753CruithneSite1","Onarina Crater","275","3753 Cruithne","0.457942","-5.0","39.2547","0.0","0.0","0.8064262","0.0","0.0","True","22027","Base","MissionControlHabSchematic","False","1","2","4095","Project Exodus","1","True"
"5008","4954EricSite1","Merlion Catena","276","4954 Eric","0.507918","13.0","24.95071","0.0","0.0","1.071541","0.0","0.0","True","34956","Base","ShipbuildingHabSchematic","True","2","3","4090","Humanity First","2","True"
"5011","5145PholusSite1","Tokmoria Lingula","277","5145 Pholus","0.000971","50.0","9.000343","2.118043","4.010287","0.0","0.0","0.0","False",,,,"False",,,,,"0","False"
"5013","5731ZeusSite1","Burnside Tholus","278","5731 Zeus","0.364934","-25.0","35.44753","0.0","0.0","1.284467","0.0","0.5025316","True","32752","Base","ResearchHabSchematic","False","2","3","4090","Humanity First","2","True"
"5016","7066NessusSite1","Sean's Saxum","279","7066 Nessus","0.000831","-14.0","134.3986","3.624207","2.491196","0.0","0.0","0.0","False",,,,"False",,,,,"0","False"
"5018","7092CadmusSite1","Suarez Facula","280","7092 Cadmus","0.145294","-41.0","158.9807","0.0","0.0","1.311488","0.4371628","0.04361266","True","39086","Base","ShipbuildingHabSchematic","True","2","3","4092","the Servants","2","True"
"5021","8405AsbolusSite1","Mindy's Crater","281","8405 Asbolus","0.001226","13.0","161.8359","2.144244","4.573453","0.0","0.0","0.0","False",,,,"False",,,,,"0","False"
"5024","10199CharikloSite1","Kilroy Catena","282","10199 Chariklo","0.002877","-3.0","-86.15849","3.211665","2.948636","0.0","0.0","0.0","False",,,,"False",,,,,"0","False"
"5027","15789KBOSite1","Laura's Retreat","283","15789 Anguta","0.000589","-45.0","110.5238","3.485832","2.249075","0.03861886","0.0","0.0","False",,,,"False",,,,,"0","False"
"5030","19521ChaosSite1","Little Flower Tholus","284","Chaos","0.000585","43.0","51.62904","3.837705","3.803116","0.4290357","0.07283597","0.003701282","False",,,,"False",,,,,"0","False"
"5031","19521ChaosSite2","Lollipop Crater","284","Chaos","0.000585","57.0","-48.38038","3.383949","4.021834","1.757473","0.5858243","0.0","False",,,,"False",,,,,"0","False"
"5034","20000VarunaSite1","Tanswell's Vault","285","Varuna","0.000496","-22.0","-31.56508","3.869454","6.604972","0.3407447","0.0","0.03173364","False",,,,"False",,,,,"0","False"
"5035","20000VarunaSite2","Barnham Crater","285","Varuna","0.000496","56.0","-172.2078","3.887411","5.284184","0.870172","0.0","0.0","False",,,,"False",,,,,"0","False"
"5038","28978IxionSite1","Lytta Collis","286","Ixion","0.000765","-19.0","-72.38631","4.004215","4.498933","1.116444","0.372148","0.0","False",,,,"False",,,,,"0","False"
"5039","28978IxionSite2","Hayes Mensa","286","Ixion","0.000765","-13.0","-17.88962","4.164882","3.893005","0.3796214","0.1898107","0.0","False",,,,"False",,,,,"0","False"
"5042","31824ElatusSite1","Tythos Crater","287","31824 Elatus","0.009112","27.0","163.6643","2.310954","3.368989","0.0","0.0","0.0","False",,,,"False",,,,,"0","False"
"5045","32532ThereusSite1","Vider Crater","288","32532 Thereus","0.013388","17.0","-32.46014","3.356731","4.377637","0.0","0.0","0.0","False",,,,"False",,,,,"0","False"
"5048","49036PelionSite1","The Ronaldo Enlightenment","289","49036 Pelion","0.001929","6.0","19.67181","2.089444","1.778178","0.263447","0.0","0.02943111","False",,,,"False",,,,,"0","False"
"5051","QuaoarSite1","Hyridia Tholus","290","Quaoar","0.000544","-41.0","-47.50262","3.290355","2.08706","3.486294","0.967366","0.1512554","False",,,,"False",,,,,"0","False"
"5052","QuaoarSite2","Arlen's Chaos","290","Quaoar","0.000544","37.0","-89.5829","3.501006","1.92976","2.785927","0.1761054","0.1570593","False",,,,"False",,,,,"0","False"
"5053","QuaoarSite3","Skadi's Domain","290","Quaoar","0.000544","-33.0","-106.728","3.371444","1.833482","1.997295","0.9835556","1.624077","False",,,,"False",,,,,"0","False"
"5054","QuaoarSite4","Hepler Regio","290","Quaoar","0.000544","-22.0","-47.23428","2.337161","1.867392","3.159456","0.3825874","0.1083596","False",,,,"False",,,,,"0","False"
"5056","WeywotSite1","Kana Mare","291","Weywot","0.000544","54.0","-127.1503","0.3466737","0.0","1.427783","0.1012833","0.3568422","False",,,,"False",,,,,"0","False"
"5058","52762AsteroidSite1","Taxila Mons","292","52762 Khonsu","0.077434","53.0","-29.0694","0.6264704","0.0","0.7817892","0.0","0.0","True","37658","Base","ShipbuildingHabSchematic","True","2","3","4090","Humanity First","2","True"
"5060","52872OkyrhoeSite1","Tringus Blue","293","52872 Okyrhoe","0.027674","8.0","-89.47253","1.542616","1.267864","0.634223","0.0","0.00262739","False",,,,"False",,,,,"0","False"
"5063","52975CyllarusSite1","Caias Crater","294","52975 Cyllarus","0.000909","49.0","147.1909","3.776088","3.472583","0.0","0.0","0.0","False",,,,"False",,,,,"0","False"
"5065","53319AsteroidSite1","Antioch Catena","295","53319 Thoth","0.049154","8.0","-167.9341","0.9811525","1.065261","1.028131","0.2373202","0.0","True","62491","Base","ResearchHabSchematic","False","1","2","4095","Project Exodus","1","True"
"5068","54598BienorSite1","Backlin Crater","296","54598 Bienor","0.005785","-30.0","2.188194","2.945473","3.29842","0.0","0.0","0.0","False",,,,"False",,,,,"0","False"
"5071","55565KBOSite1","Manannan's Point","297","Jasagnan","0.000512","-12.0","112.7561","3.983077","4.498596","2.019577","0.0","0.0","False",,,,"False",,,,,"0","False"
"5072","55565KBOSite2","Mainor Flexus","297","Jasagnan","0.000512","-7.0","-157.2722","5.763489","5.364736","0.2856461","0.0","0.01328275","False",,,,"False",,,,,"0","False"
"5075","55576AmycusSite1","Apsis Crater","298","55576 Amycus","0.001243","57.0","144.2021","4.600307","0.4059288","0.0","0.0","0.0","False",,,,"False",,,,,"0","False"
"5078","55637KBOSite1","The Bloodcloak's Rest","299","Ranginui","0.000657","-3.0","-20.31651","2.861509","5.028305","1.906706","0.2314476","0.05539719","False",,,,"False",,,,,"0","False"
"5079","55637KBOSite2","Deaver Dorsum","299","Ranginui","0.000657","53.0","-130.1205","3.994311","3.832546","1.002229","0.0","0.01298532","False",,,,"False",,,,,"0","False"
"5081","55637KBOMoonISite1","Planum Inversus","300","Papatuanuku","0.000657","37.0","23.97485","3.738726","3.583228","0.0","0.0","0.0","False",,,,"False",,,,,"0","False"
"5084","60558EcheclusSite1","Explorminate Mare","301","60558 Echeclus","0.004067","19.0","-31.53049","4.213786","2.62726","0.1032338","0.0","0.0","False",,,,"False",,,,,"0","False"
"5087","78799KBOSite1","Magician's Heart","302","Raweno","0.000445","-55.0","-45.98337","5.931046","2.453118","1.645531","0.0212705","0.02165646","False",,,,"False",,,,,"0","False"
"5088","78799KBOSite2","MacIntyre Mensa","302","Raweno","0.000445","57.0","77.77132","5.166905","2.488725","0.6336401","0.08735977","0.0","False",,,,"False",,,,,"0","False"
"5091","83982CrantorSite1","Packer Planitia","303","83982 Crantor","0.00178","-2.0","138.8923","3.558475","2.470021","0.1604241","0.0","0.0","False",,,,"False",,,,,"0","False"
"5094","84922KBOSite1","Hope Point","304","84922 Veles","0.000707","-11.0","43.95118","3.770006","4.233693","2.133002","0.0","0.006402196","False",,,,"False",,,,,"0","False"
"5095","84922KBOSite2","The Flanux Gambit","304","84922 Veles","0.000707","-10.0","127.8309","3.682996","4.973911","1.084641","0.3615471","0.07980254","False",,,,"False",,,,,"0","False"
"5098","90482OrcusSite1","The Wildman's Crypt","305","Orcus","0.000437","12.0","-141.6715","4.562364","1.189891","0.9329212","0.4664606","0.5515206","False",,,,"False",,,,,"0","False"
"5099","90482OrcusSite2","Kalford's Regret","305","Orcus","0.000437","-45.0","-92.13779","4.434988","1.860471","2.17814","0.7260466","0.06154719","False",,,,"False",,,,,"0","False"
"5100","90482OrcusSite3","Turul Dorsum","305","Orcus","0.000437","-59.0","-113.1013","5.578654","1.80901","0.5877103","0.2938552","0.004015216","False",,,,"False",,,,,"0","False"
"5101","90482OrcusSite4","Qausuittuq Crater","305","Orcus","0.000437","-13.0","148.853","5.253001","2.532542","0.2772602","0.09242007","0.0009019173","False",,,,"False",,,,,"0","False"
"5103","VanthSite1","Valerianae Labyrinthus","306","Vanth","0.000437","53.0","127.3324","4.41011","0.4546892","0.0","0.0","0.0","False",,,,"False",,,,,"0","False"
"5106","90568KBOSite1","Planum Caledonia","307","Amma","0.000598","-25.0","60.17738","3.568035","1.875779","5.432228","0.6929489","0.1172756","False",,,,"False",,,,,"0","False"
"5107","90568KBOSite2","Velocity’s Crater","307","Amma","0.000598","2.0","-166.9987","1.873856","1.716698","3.74552","0.8522125","0.1452553","False",,,,"False",,,,,"0","False"
"5110","95626CentaurSite1","Ponder Catena","308","95626 Demeleon","0.002411","-14.0","46.91575","3.060939","1.730173","0.0","0.0","0.0","False",,,,"False",,,,,"0","False"
"5113","120061CentaurSite1","Wolf of Meguro Terra","309","120061 Lykas","0.001428","-42.0","-91.35631","1.421391","2.203809","0.8269917","0.0","0.0273709","False",,,,"False",,,,,"0","False"
"5116","SalaciaSite1","Brenda Mare","310","Salacia","0.000469","30.0","-119.8201","4.691206","2.999785","0.9911709","0.3136894","0.0","False",,,,"False",,,,,"0","False"
"5117","SalaciaSite2","Cassidy's Facula","310","Salacia","0.000469","-1.0","-70.42603","4.789526","1.133799","1.131242","0.226029","0.0","False",,,,"False",,,,,"0","False"
"5118","SalaciaSite3","Mog's Crater","310","Salacia","0.000469","-60.0","169.8078","4.274219","1.659897","1.139467","0.3798222","0.0","False",,,,"False",,,,,"0","False"
"5119","SalaciaSite4","Lacerta Collis","310","Salacia","0.000469","-35.0","-159.5078","4.471802","1.204485","0.9050012","0.3016671","0.0","False",,,,"False",,,,,"0","False"
"5121","ActaeaSite1","Idris Maar","311","Actaea","0.000469","51.0","59.2706","4.710578","0.3253941","0.0","0.0","0.0","False",,,,"False",,,,,"0","False"
"5124","120348KBOSite1","Redwater Planum","312","120348 Xolas","0.000681","-25.0","147.4075","5.7978","2.153921","0.4463618","0.1487873","0.001280465","False",,,,"False",,,,,"0","False"
"5125","120348KBOSite2","Gran Quivera Flexus","312","120348 Xolas","0.000681","-30.0","-67.09585","5.741224","2.061011","1.107794","0.0","0.0","False",,,,"False",,,,,"0","False"
"5129","PlutoSite1","Lowell Regio","313","Pluto","0.00071","80.0","80.0","4.110535","4.011561","0.8700311","0.4350155","0.05403379","False",,,,"False",,,,,"0","False"
"5130","PlutoSite2","Voyager Terra","313","Pluto","0.00071","6.08","153.52","2.756639","1.14933","1.273217","0.4244058","0.0007289439","False",,,,"False",,,,,"0","False"
"5131","PlutoSite3","Hayabusa Terra","313","Pluto","0.00071","46.07","229.88","4.022209","4.352391","0.4008805","0.1336268","0.0","False",,,,"False",,,,,"0","False"
"5132","PlutoSite4","Viking Terra","313","Pluto","0.00071","30.0","140.0","4.60359","1.366313","1.414342","0.707171","0.0","False",,,,"False",,,,,"0","False"
"5133","PlutoSite5","Tombaugh Regio","313","Pluto","0.00071","7.62","183.22","3.95369","3.35843","0.3340272","0.1113424","0.04009443","False",,,,"False",,,,,"0","False"
"5134","PlutoSite6","Tartarus Dorsa","313","Pluto","0.00071","8.5","233.09","3.125466","3.072011","4.944353","0.9514759","0.1156918","False",,,,"False",,,,,"0","False"
"5135","PlutoSite7","Cthulhu Macula","313","Pluto","0.00071","0.0","90.0","5.003404","1.554983","0.5103484","0.2551742","0.0","False",,,,"False",,,,,"0","False"
"5136","PlutoSite8","Krun Macula","313","Pluto","0.00071","-15.0","30.0","4.016074","3.81819","2.814231","0.4030192","0.09325098","False",,,,"False",,,,,"0","False"
"5137","PlutoSite9","Balrog Macula","313","Pluto","0.00071","-10.0","100.0","4.122541","4.221124","0.6182709","0.3091354","0.0","False",,,,"False",,,,,"0","False"
"5140","CharonSite1","Argo Chasma","314","Charon","0.00071","27.8","80.4","4.528915","1.392182","3.714237","0.5801658","0.0","False",,,,"False",,,,,"0","False"
"5141","CharonSite2","Nasreddin Crater","314","Charon","0.00071","25.5","308.6","4.452225","1.784749","0.3924907","0.1308302","0.0","False",,,,"False",,,,,"0","False"
"5142","CharonSite3","Nemo Crater","314","Charon","0.00071","-15.7","314.1","4.83222","2.185703","0.3582183","0.1194061","0.04839106","False",,,,"False",,,,,"0","False"
"5143","CharonSite4","Clarke Montes","314","Charon","0.00071","-5.12","7.05","4.431054","4.192182","0.8635033","0.2878344","0.04219175","False",,,,"False",,,,,"0","False"
"5145","StyxSite1","Piotr Kociubinski Crater","315","Styx","0.00071","24.0","36.44888","4.207726","0.4279911","0.0","0.0","0.0","False",,,,"False",,,,,"0","False"
"5147","NixSite1","Russell's Paradox","316","Nix","0.00071","58.0","97.17831","2.000088","1.961029","0.7217992","0.0","0.0","False",,,,"False",,,,,"0","False"
"5149","KerberosSite1","LCS2909","317","Kerberos","0.00071","-2.0","-114.128","3.727139","0.2403072","0.0","0.0","0.0","False",,,,"False",,,,,"0","False"
"5151","HydraSite1","Dyer Mare","318","Hydra","0.00071","34.0","108.9862","4.104587","0.3348994","0.0","0.0","0.0","False",,,,"False",,,,,"0","False"
"5154","HaumeaSite1","Sagallo Crater","319","Haumea","0.000407","-24.0","107.314","3.730319","1.930545","3.56959","0.8731121","0.107091","False",,,,"False",,,,,"0","False"
"5155","HaumeaSite2","Tyrum Terra","319","Haumea","0.000407","-8.0","108.1599","3.57329","2.245171","3.442497","0.9425644","0.1430434","False",,,,"False",,,,,"0","False"
"5156","HaumeaSite3","Ilmarinen Crater","319","Haumea","0.000407","45.0","139.9234","3.51971","2.088217","3.267184","0.9617941","0.1273807","False",,,,"False",,,,,"0","False"
"5157","HaumeaSite4","Zao Saxum","319","Haumea","0.000407","55.0","-87.26966","2.961407","1.960209","3.162055","1.015464","0.1195371","False",,,,"False",,,,,"0","False"
"5159","NamakaSite1","Iain Banks Mons","320","Namaka","0.000407","49.0","155.8759","4.803748","0.4021397","0.0","0.0","0.0","False",,,,"False",,,,,"0","False"
"5161","HiʻiakaSite1","Mons Sceberras","321","Hi'iaka","0.000407","-53.0","138.7745","4.896276","0.4088768","0.0","0.0","0.0","False",,,,"False",,,,,"0","False"
"5164","136204CentaurSite1","Departure From Heaven","322","136204 Rhaecus","0.002194","-54.0","18.20749","2.827994","3.502448","0.0","0.0","0.0","False",,,,"False",,,,,"0","False"
"5167","MakemakeSite1","Pike's Last Stand","323","Makemake","0.000353","16.0","13.07032","2.99997","1.840551","2.739223","0.7629902","0.1255194","False",,,,"False",,,,,"0","False"
"5168","MakemakeSite2","Frinja's Fortune","323","Makemake","0.000353","1.0","140.6426","4.195251","4.403919","0.8034384","0.4017192","0.0","False",,,,"False",,,,,"0","False"
"5169","MakemakeSite3","Carpe Noctem","323","Makemake","0.000353","8.0","-177.4784","3.601813","1.219258","1.472613","0.4908711","0.1470133","False",,,,"False",,,,,"0","False"
"5170","MakemakeSite4","Poltergeist Canyon","323","Makemake","0.000353","8.0","-1.452171","4.149257","4.338096","0.7385347","0.3692674","0.0","False",,,,"False",,,,,"0","False"
"5173","145452KBOSite1","Skadovsk Planitia","324","Kandakoro","0.000597","0.0","-91.43425","4.257622","4.233652","0.4580495","0.1526832","0.0","False",,,,"False",,,,,"0","False"
"5174","145452KBOSite2","Navrot Planitia","324","Kandakoro","0.000597","3.0","0.1382751","4.255111","3.968795","0.7977553","0.0473716","0.01960589","False",,,,"False",,,,,"0","False"
"5177","174567VardaSite1","Rolph Dorsum","325","Varda","0.000489","-50.0","146.1607","4.071357","4.092098","0.5446407","0.1815469","0.02054467","False",,,,"False",,,,,"0","False"
"5178","174567VardaSite2","Marchitto Mensa","325","Varda","0.000489","18.0","-41.51729","3.841785","2.887668","0.5392106","0.1797369","0.0","False",,,,"False",,,,,"0","False"
"5180","IlmareSite1","Vallis Somnia","326","Ilmarë","0.000489","-5.0","104.1649","3.216368","3.089662","0.6240592","0.0","0.0","False",,,,"False",,,,,"0","False"
"5183","202421KBOSite1","Icy Dalliance Crater","327","Unkulunkulu","0.000452","30.0","-23.70316","3.91704","4.034184","0.6853514","0.3426757","0.0","False",,,,"False",,,,,"0","False"
"5186","208996KBOSite1","Comstar Catena","328","Nergal","0.000542","31.0","-138.2886","6.665311","2.309846","0.0","0.0","0.0","False",,,,"False",,,,,"0","False"
"5187","208996KBOSite2","Ereshkigal Serpens","328","Nergal","0.000542","-31.0","59.07255","4.172313","4.489638","1.262537","0.4196647","0.0","False",,,,"False",,,,,"0","False"
"5188","208996KBOSite3","Legends Crater","328","Nergal","0.000542","-34.0","146.0249","5.055587","2.247663","0.3028768","0.1009589","0.00766834","False",,,,"False",,,,,"0","False"
"5189","208996KBOSite4","Tristan Tholus","328","Nergal","0.000542","-46.0","-6.313271","4.011754","3.610795","1.132324","0.5661622","0.0490726","False",,,,"False",,,,,"0","False"
"5192","278361KBOSite1","Henwood Chaos","329","Marduk","0.000604","-8.0","41.03945","4.00989","3.84625","1.076831","0.2313746","0.04560613","False",,,,"False",,,,,"0","False"
"5193","278361KBOSite2","Blair Chasma","329","Marduk","0.000604","-9.0","-94.63199","3.879439","2.64728","0.2971082","0.0","0.0005855191","False",,,,"False",,,,,"0","False"
"5196","281371CentaurSite1","Albert Chasma","330","281371 Pyretos","0.003099","-28.0","159.2603","3.04653","3.384305","0.0","0.0","0.0","False",,,,"False",,,,,"0","False"
"5199","307261KBOSite1","Labyrinthus Illicitus","331","Pangu","0.000477","-22.0","-20.17261","5.968547","2.275902","0.0","0.0","0.0","False",,,,"False",,,,,"0","False"
"5200","307261KBOSite2","Rahill Crater","331","Pangu","0.000477","3.0","-155.8758","5.994352","2.216686","2.667563","0.0114829","0.0","False",,,,"False",,,,,"0","False"
"5201","307261KBOSite3","Marjorie's Gem","331","Pangu","0.000477","-35.0","83.93311","5.9924","2.820375","0.1311242","0.04370806","0.0","False",,,,"False",,,,,"0","False"
"5202","307261KBOSite4","Hasifu Patera","331","Pangu","0.000477","11.0","-50.6835","5.40677","1.261557","0.1941926","0.0","0.0564254","False",,,,"False",,,,,"0","False"
"5204","315898CentaurSite1","Minton Crater","332","315898 Latreus","0.025866","47.0","129.5289","2.484731","2.153475","0.0","0.0","0.0","False",,,,"False",,,,,"0","False"
"5207","342842CentaurSite1","Jake's Rainwater","333","342842 Lykidas","0.003572","19.0","153.0476","4.544588","0.4800348","0.0","0.0","0.0","False",,,,"False",,,,,"0","False"
"5210","440030KBOSite1","Sordis Cirros Catena","334","Kuterastan","0.000581","-6.0","177.7484","4.188936","3.890801","0.6074477","0.2024826","0.02878658","False",,,,"False",,,,,"0","False"
"5213","447178CentaurSite1","Xiphe Sulcus","335","447178 Agrius","0.00499","21.0","158.4266","3.293567","3.438666","0.0","0.0","0.0","False",,,,"False",,,,,"0","False"
"5216","455502KBOSite1","Trigatia Planum","336","Luison","0.000463","9.0","-70.63626","3.575612","1.148641","6.796057","1.032673","0.1195818","True","10995","Base",,"False","3","4","4096","the Aliens","3","True"
"5217","455502KBOSite2","Freya's Reach","336","Luison","0.000463","31.0","75.6172","3.50692","1.731511","3.212551","0.8820649","0.1121684","False",,,,"False",,,,,"0","False"
"5220","470308KBOSite1","Karlious Planitia","337","Volturnus","0.000599","-24.0","-41.41533","5.61079","2.18872","0.0","0.0","0.01970595","False",,,,"False",,,,,"0","False"
"5221","470308KBOSite2","Grimes Planitia","337","Volturnus","0.000599","30.0","-84.59302","5.816983","2.122542","0.0","0.0","0.0","False",,,,"False",,,,,"0","False"
"5224","470443KBOSite1","Croaker's Tomb","338","Tagaloa","0.000432","-33.0","133.9011","4.053724","4.121413","0.3720171","0.003759786","0.1682991","False",,,,"False",,,,,"0","False"
"5225","470443KBOSite2","Thor's Chaos","338","Tagaloa","0.000432","28.0","-164.4862","3.89295","3.53353","0.3876341","0.1098578","0.0003620453","False",,,,"False",,,,,"0","False"
"5228","472271KBOSite1","Fortune Mare","339","Katonda","0.000569","-48.0","-148.1099","3.807567","4.534564","0.3545071","0.0","0.09296004","False",,,,"False",,,,,"0","False"
"5231","472651CentaurSite1","Patience Planitia","340","472651 Dryalos","0.005231","35.0","100.8035","3.766325","3.597187","0.0","0.0","0.0","False",,,,"False",,,,,"0","False"
"5234","482824KBOSite1","Solomon Catena","341","Agudar","0.000822","58.0","-9.21804","4.103848","4.212398","0.603696","0.301848","0.009006031","False",,,,"False",,,,,"0","False"
"5237","523645KBOSite1","Balemezi Patera","342","Mbombo","0.00043","39.0","-39.10896","3.452645","2.212873","7.254288","0.8659733","0.8813736","True","4085","Base",,"False","3","4","4096","the Aliens","3","False"
"5238","523645KBOSite2","Rui Rupes","342","Mbombo","0.00043","17.0","-76.98958","5.022717","3.900262","0.1003672","0.0","0.0","True","5860","Base",,"False","3","4","4096","the Aliens","3","True"
"5241","523681KBOSite1","Honor's Tale","343","Coatlicue","0.000473","32.0","-42.4296","3.768184","3.437181","0.9161412","0.1419549","0.006776499","False",,,,"False",,,,,"0","False"
"5242","523681KBOSite2","Libertatia Fossae","343","Coatlicue","0.000473","-35.0","68.45998","6.241974","2.334498","1.626954","0.0","0.002654657","False",,,,"False",,,,,"0","False"
"5245","523727CentaurSite1","Jericho Planitia","344","523727 Eurytion","0.005733","46.0","68.0468","3.285599","3.689896","0.0","0.0","0.0","False",,,,"False",,,,,"0","False"
"5248","523750KBOSite1","Aurum Meum","345","Anansi","0.000637","13.0","-132.1413","3.375719","2.083264","2.9341","0.9780332","0.41363","False",,,,"False",,,,,"0","False"
"5249","523750KBOSite2","Poulsen Planitia","345","Anansi","0.000637","6.0","32.20656","3.822851","3.85233","0.2924073","0.1462037","0.2298021","False",,,,"False",,,,,"0","False"
"5252","559182KBOSite1","Heliocon's Crater","346","Enki","0.00046","23.0","123.0137","3.542135","2.242324","5.037368","1.034152","0.1324725","False",,,,"False",,,,,"0","False"
"5253","559182KBOSite2","Silence's Grotto","346","Enki","0.00046","-46.0","-134.9911","5.843699","2.602271","0.2938875","0.1469438","0.0","False",,,,"False",,,,,"0","False"
"5256","562274CentaurSite1","Absolution Mons","347","562274 Hippasus","0.003246","-20.0","-67.15","2.147962","2.957224","0.0","0.0","0.0","False",,,,"False",,,,,"0","False"
"5259","612243CentaurSite1","Medulli Mons","348","612243 Penthesilea","0.001048","2.0","-45.47407","1.292099","1.259153","0.7669363","0.2556454","0.0","False",,,,"False",,,,,"0","False"
"5262","612533KBOSite1","Red's Run","349","Chernobog","0.000723","57.0","-47.66122","3.939984","3.743426","0.2793851","0.1173174","0.0121631","False",,,,"False",,,,,"0","False"
"5263","612533KBOSite2","Lizard's Leap","349","Chernobog","0.000723","18.0","89.99555","3.261295","2.150234","4.474362","1.007976","0.2470721","False",,,,"False",,,,,"0","False"
"5266","613490CentaurSite1","Miranda-Laraba Macula","350","613490 Myrina","0.001109","42.0","-21.19307","3.330269","3.456609","0.0","0.0","0.0","False",,,,"False",,,,,"0","False"
"5269","636872CentaurSite1","Oya Crater","351","636872 Caeneus","0.001729","6.0","55.71023","4.358613","2.421323","0.07246068","0.0","0.0","True","11075","Base",,"False","3","4","4096","the Aliens","3","True"
"5272","2008LC18CentaurSite1","Gautier Planitia","352","2008 LC18 Aegea","0.000958","-16.0","80.3923","3.721028","3.229667","0.0","0.0","0.0","False",,,,"False",,,,,"0","False"
"5275","2010FX86KBOSite1","First Frost Macula","353","Olorun","0.000479","10.0","-143.4216","3.714281","3.843128","0.7411783","0.3705891","0.08039658","False",,,,"False",,,,,"0","False"
"5276","2010FX86KBOSite2","Viziak Planum","353","Olorun","0.000479","-2.0","-162.7516","2.982239","1.929955","3.827913","0.7046347","0.2170831","False",,,,"False",,,,,"0","False"
"5279","2010KZ39KBOSite1","Formosa Catena","354","Izanagi","0.000479","51.0","171.9361","3.963403","3.822724","1.911035","0.5154844","0.0","False",,,,"False",,,,,"0","False"
"5280","2010KZ39KBOSite2","Valles Von Briesen","354","Izanagi","0.000479","-58.0","119.1937","3.684261","3.796717","0.8760009","0.125583","0.009094209","False",,,,"False",,,,,"0","False"
"5283","2010THCentaurSite1","Angel's Redoubt","355","2010 TH Antimakhos","0.001824","-22.0","-101.2741","3.339571","2.867258","0.0","0.0","0.0","False",,,,"False",,,,,"0","False"
"5286","2011GN27CentaurSite1","Diplo Dot Dorsum","356","2011 GN27 Dictys","0.004731","2.0","59.2364","3.494136","4.704671","0.0","0.0","0.0","False",,,,"False",,,,,"0","False"
"5289","2011HM102CentaurSite1","Saoirse's Rise","357","2011 HM102 Myrleia","0.001137","35.0","172.9243","4.236341","2.808943","0.03653013","0.0","0.0","False",,,,"False",,,,,"0","False"
"5292","2011MM4CentaurSite1","Gorokhan Tholus","358","2011 MM4 Bromos","0.001342","-8.0","-122.5927","3.58151","2.188136","0.0","0.0","0.0","False",,,,"False",,,,,"0","False"
"5295","2011QF99CentaurSite1","Zero Gravitas Gorge","359","2011 QF99 Exadius","0.003969","32.0","157.3809","1.457505","1.325304","0.9820215","0.0","0.0","False",,,,"False",,,,,"0","False"
"5298","2013KY18CentaurSite1","Roci's Last Hope","360","2013 KY18 Ephesos","0.001244","18.0","-119.2576","1.405185","2.208617","1.103858","0.2881402","0.0","False",,,,"False",,,,,"0","False"
"5301","2014WP50KBOSite1","90711 Seruko-b","361","Huracan","0.000513","57.0","-13.94878","3.978691","3.852931","0.3680385","0.1226795","0.0","False",,,,"False",,,,,"0","False"
"5302","2014WP50KBOSite2","Pokatto Crater","361","Huracan","0.000513","-40.0","-29.21518","5.981283","2.304469","0.7681856","0.0","0.0","False",,,,"False",,,,,"0","False"
"5305","2014YA50KBOSite1","Weltschmerz Crater","362","Nareau","0.000604","0.0","52.23032","5.784246","1.493022","0.02485858","0.008286194","0.01868196","False",,,,"False",,,,,"0","False"
"5306","2014YA50KBOSite2","Callahan Montes","362","Nareau","0.000604","-15.0","-178.6623","4.051588","3.688673","0.9669076","0.02479651","0.0","False",,,,"False",,,,,"0","False"
"5309","2017OF69KBOSite1","Tumbleweed Sulcus","363","Meng Po","0.00058","1.0","21.24985","6.803044","2.089977","1.317698","0.0","0.0","False",,,,"False",,,,,"0","False"
"5310","2017OF69KBOSite2","Phillip Spurr Planitia","363","Meng Po","0.00058","54.0","76.2065","3.118075","1.762642","7.090954","0.5040925","1.285134","False",,,,"False",,,,,"0","False"
"5312","SwiftTuttleSite1","Perseus Planitia","364","Comet Swift-Tuttle","0.000464","-15.0","-89.78223","3.526387","0.3386299","0.0","0.0","0.0","False",,,,"False",,,,,"0","False"
"5314","NeujminSite1","Grigory Catena","365","Comet Neujmin 1","0.007521","-15.0","33.45892","3.513552","0.0","0.0","0.0","0.0","False",,,,"False",,,,,"0","False"
"5316","LoneosSite1","Van Ness Dorsum","366","Comet Loneos","0.001659","57.0","-146.2147","4.868321","0.3357427","0.0","0.0","0.0","False",,,,"False",,,,,"0","False"
"5318","LevySite1","Acadia Planitia","367","Comet Levy 1","0.002606","2.0","-70.86019","3.347893","0.2996531","0.0","0.0","0.0","False",,,,"False",,,,,"0","False"
"5320","HalleySite1","Giotto Dorsum","368","Halley's Comet","0.00085","17.0","-145.4321","3.449465","0.4731217","0.0","0.0","0.0","False",,,,"False",,,,,"0","False"
"5322","TempelSite1","Franklin Fossae","369","Comet Tempel 2","0.077292","16.0","131.8735","2.527827","0.7994311","0.04651235","0.0","0.0","False",,,,"False",,,,,"0","False"
"5324","PonsBrooksSite1","Ming Shilu Catena","370","Comet Pons-Brooks","0.002533","57.0","-82.63292","2.788705","1.801402","0.0567795","0.0","0.0","False",,,,"False",,,,,"0","False"
"5326","ArendRigauxSite1","Belgica Tholus","371","Comet Arend-Rigaux","0.066314","21.0","104.6974","3.281142","0.2986096","0.0","0.0","0.0","False",,,,"False",,,,,"0","False"
"5328","MachholzSite1","Mons Loma Prieta","372","Comet Machholz 1","0.103767","-34.0","-88.54181","3.443464","0.4405754","0.0","0.0","0.0","False",,,,"False",,,,,"0","False"
"5330","EnckeSite1","Watt Dorsum","373","Comet Encke","0.141262","-47.0","-140.681","3.315679","0.9335888","0.0","0.0","0.0","True","33838","Base","ShipbuildingHabSchematic","True","1","2","4095","Project Exodus","1","True"
